tree
version=v4
num_class=1
num_tree_per_iteration=1
label_index=0
max_feature_idx=6
objective=regression
feature_names=hour day_of_week is_weekend temperature_c precipitation_mm is_event event_capacity
feature_infos=[0:23] [0:6] [0:1] [8.1982284809505188:22.020084757255319] [0:7.9078979651049979] [0:1] [0:15000]
tree_sizes=1408 1423 1423 1371 1370 1374 1413 1401 1390 1393 1386 1400 1403 1403 1401 1369 1390 1396 1437 1359 1422 1409 1421 1412 1431 1386 1464 1452 1471 1424 1432 1427 1451 1483 1431 1466 1428 1437 1451 1494 1458 1436 1440 1395 1443 1434 1396 1443 1441 1476 1428 1422 1389 1436 1436 1447 1443 1410 1463 1413 1409 1454 1413 1457 1426 1462 1397 1395 1483 1432 1448 1504 1468 1487 1476 1500 1476 1438 1487 1471 1472 1466 1471 1458 1440 1459 1483 1439 1462 1467 1463 1499 1471 1505 1419 1470 1440 1490 1498 1490 1463 1457 1490 1513 1461 1499 1509 1507 1478 1544 1533 1533 1495 1523 1514 1520 1512 1532 1461 1530 1499 1517 1543 1508 1419 1518 1514 1518

Tree=0
num_leaves=15
num_cat=0
split_feature=0 0 1 5 0 0 0 0 0 0 0 0 4 1
split_gain=1.97947e+06 2.21875e+06 1.02293e+06 860419 194569 153884 151451 202540 75189.6 72409.4 36608.4 19323.4 17228.4 12688.5
threshold=7.5000000000000009 16.500000000000004 4.5000000000000009 1.0000000180025095e-35 11.500000000000002 17.500000000000004 8.5000000000000018 14.500000000000002 9.5000000000000018 6.5000000000000009 15.500000000000002 19.500000000000004 0.72032526108613626 2.5000000000000004
decision_type=2 2 2 2 2 2 2 2 2 2 2 2 2 2
left_child=9 2 6 5 -4 -3 -2 8 -8 -1 -9 -5 -10 -11
right_child=1 3 4 11 -6 -7 7 10 12 13 -12 -13 -14 -15
leaf_value=116.47041187262724 124.06961811913384 120.93975692710114 117.09184039168888 128.92934044731987 123.13184028350645 116.55392377429538 127.06684044731988 127.28072933620876 130.36225711398654 120.65623420681617 124.0918403201633 126.09184044731988 132.56350711398653 118.34889162850176
leaf_weight=168 18 24 24 12.000000000000002 30 120 18 18 80 11.000000000000002 18 11.999999999999998 9.9999999999999982 12.999999999999998
leaf_count=168 18 24 24 12 30 120 18 18 80 11 18 12 10 13
internal_value=120.983 123.055 126.407 118.746 120.447 117.285 128.394 128.934 130.017 116.837 125.686 127.511 130.607 119.406
internal_weight=576 384 216 168 54 144 162 144 108 192 36 24 90 24
internal_count=576 384 216 168 54 144 162 144 108 192 36 24 90 24
is_linear=0
shrinkage=1


Tree=1
num_leaves=15
num_cat=0
split_feature=0 0 1 5 0 0 0 0 0 0 0 0 4 1
split_gain=1.78647e+06 2.00242e+06 923191 776528 175598 138881 136684 182792 67858.6 65349.5 33039.1 17439.3 15548.7 11451.3
threshold=7.5000000000000009 16.500000000000004 4.5000000000000009 1.0000000180025095e-35 11.500000000000002 17.500000000000004 8.5000000000000018 14.500000000000002 9.5000000000000018 6.5000000000000009 15.500000000000002 19.500000000000004 0.72032526108613626 2.5000000000000004
decision_type=2 2 2 2 2 2 2 2 2 2 2 2 2 2
left_child=9 2 6 5 -4 -3 -2 8 -8 -1 -9 -5 -10 -11
right_child=1 3 4 11 -6 -7 7 10 12 13 -12 -13 -14 -15
leaf_value=-4.2866158980698819 2.9326301998562285 -0.040737851584951086 -3.6962587515513103 7.5493664741516087 2.0417413155237836 -4.2072795613606777 5.7799912770589197 5.9831856621636286 8.9106370544433595 -0.31008443615653292 2.9537413597106936 4.8537412007649747 11.001824645996095 -2.50205997136923
leaf_weight=168 18 24 24 12.000000000000002 30 120 18 18 80 11.000000000000002 18 11.999999999999998 9.9999999999999982 12.999999999999998
leaf_count=168 18 24 24 12 30 120 18 18 80 11 18 12 10 13
internal_value=-5.17039e-08 1.96898 5.15326 -2.12508 -0.508481 -3.51286 7.0405 7.55398 8.58249 -3.93796 4.46846 6.20155 9.14299 -1.4974
internal_weight=576 384 216 168 54 144 162 144 108 192 36 24 90 24
internal_count=576 384 216 168 54 144 162 144 108 192 36 24 90 24
is_linear=0
shrinkage=0.05


Tree=2
num_leaves=15
num_cat=0
split_feature=0 0 1 5 0 0 0 0 0 0 0 0 4 1
split_gain=1.61229e+06 1.80719e+06 833180 700817 158477 125340 123358 164970 61242.4 58977.9 29817.8 15739 14032.7 10334.8
threshold=7.5000000000000009 16.500000000000004 4.5000000000000009 1.0000000180025095e-35 11.500000000000002 17.500000000000004 8.5000000000000018 14.500000000000002 9.5000000000000018 6.5000000000000009 15.500000000000002 19.500000000000004 0.72032526108613626 2.5000000000000004
decision_type=2 2 2 2 2 2 2 2 2 2 2 2 2 2
left_child=9 2 6 5 -4 -3 -2 8 -8 -1 -9 -5 -10 -11
right_child=1 3 4 11 -6 -7 7 10 12 13 -12 -13 -14 -15
leaf_value=-4.072285218465896 2.7859987152947321 -0.038700953001777338 -3.5114458243052162 7.171897761027016 1.9396542851130167 -3.9969154294331868 5.4909917195638025 5.6840264214409721 8.4651055860519406 -0.29458020762963721 2.8060542742411299 4.6110543251037601 10.451733093261719 -2.3769569795865282
leaf_weight=168 18 24 24 12.000000000000002 30 120 18 18 80 11.000000000000002 18 11.999999999999998 9.9999999999999982 12.999999999999998
leaf_count=168 18 24 24 12 30 120 18 18 80 11 18 12 10 13
internal_value=-3.74081e-09 1.87053 4.89559 -2.01883 -0.483057 -3.33721 6.68848 7.17629 8.15337 -3.74107 4.24504 5.89148 8.68584 -1.42253
internal_weight=576 384 216 168 54 144 162 144 108 192 36 24 90 24
internal_count=576 384 216 168 54 144 162 144 108 192 36 24 90 24
is_linear=0
shrinkage=0.05


Tree=3
num_leaves=15
num_cat=0
split_feature=0 0 1 5 0 0 0 0 0 0 0 0 0 0
split_gain=1.45509e+06 1.63099e+06 751945 632487 143026 113119 111330 148886 55540.8 53227.6 26910.6 14204.5 13819.5 12340.2
threshold=7.5000000000000009 16.500000000000004 4.5000000000000009 1.0000000180025095e-35 11.500000000000002 17.500000000000004 8.5000000000000018 14.500000000000002 10.500000000000002 6.5000000000000009 15.500000000000002 19.500000000000004 13.500000000000002 9.5000000000000018
decision_type=2 2 2 2 2 2 2 2 2 2 2 2 2 2
left_child=9 2 6 5 -4 -3 -2 8 13 -1 -9 -5 -10 -8
right_child=1 3 4 11 -6 -7 7 10 12 -11 -12 -13 -14 -15
leaf_value=-3.8686707994767597 2.6466988033718533 -0.036765888954202339 -3.3358733415603639 6.8133031209309882 1.8426715582609177 -3.7970698769887288 5.2164422353108728 5.3998250113593214 8.947402106391058 -1.351407534753283 2.6657515472835964 4.3805016517639164 7.3476605733235676 7.0678801430596252
leaf_weight=168 18 24 24 12.000000000000002 30 120 18 18 54 24 18 11.999999999999998 18 18
leaf_count=168 18 24 24 12 30 120 18 18 54 24 18 12 18 18
internal_value=-5.99047e-08 1.77701 4.65081 -1.91789 -0.458904 -3.17035 6.35405 6.81747 7.7457 -3.55401 4.03279 5.5969 8.54747 6.14216
internal_weight=576 384 216 168 54 144 162 144 108 192 36 24 72 36
internal_count=576 384 216 168 54 144 162 144 108 192 36 24 72 36
is_linear=0
shrinkage=0.05


Tree=4
num_leaves=15
num_cat=0
split_feature=0 0 1 5 0 0 0 0 0 0 0 0 0 0
split_gain=1.31322e+06 1.47197e+06 678630 570820 129081 102090 100475 134369 50125.5 48037.9 24286.8 12819.5 12472.1 11137
threshold=7.5000000000000009 16.500000000000004 4.5000000000000009 1.0000000180025095e-35 11.500000000000002 17.500000000000004 8.5000000000000018 14.500000000000002 10.500000000000002 6.5000000000000009 15.500000000000002 19.500000000000004 13.500000000000002 9.5000000000000018
decision_type=2 2 2 2 2 2 2 2 2 2 2 2 2 2
left_child=9 2 6 5 -4 -3 -2 8 13 -1 -9 -5 -10 -8
right_child=1 3 4 11 -6 -7 7 10 12 -11 -12 -13 -14 -15
leaf_value=-3.675237389973232 2.514363898171319 -0.034927619000275932 -3.1690798362096153 6.4726378440856926 1.7505380001043283 -3.6072162373860679 4.9556199391682947 5.1298340691460504 8.5000326227258753 -1.2838372254744173 2.5324639638264976 4.1614762941996259 6.9802775912814674 6.7144864824083115
leaf_weight=168 18 24 24 12.000000000000002 30 120 18 18 54 24 18 11.999999999999998 18 18
leaf_count=168 18 24 24 12 30 120 18 18 54 24 18 12 18 18
internal_value=-7.04248e-09 1.68816 4.41827 -1.82199 -0.435959 -3.01183 6.03635 6.4766 7.35841 -3.37631 3.83115 5.31706 8.12009 5.83505
internal_weight=576 384 216 168 54 144 162 144 108 192 36 24 72 36
internal_count=576 384 216 168 54 144 162 144 108 192 36 24 72 36
is_linear=0
shrinkage=0.05


Tree=5
num_leaves=15
num_cat=0
split_feature=0 0 1 5 0 0 0 0 0 0 0 0 0 0
split_gain=1.18518e+06 1.32845e+06 612464 515165 116495 92136.2 90679.1 121268 45238.3 43354.2 21918.8 11569.6 11256.1 10051.1
threshold=7.5000000000000009 16.500000000000004 4.5000000000000009 1.0000000180025095e-35 11.500000000000002 17.500000000000004 8.5000000000000018 14.500000000000002 10.500000000000002 6.5000000000000009 15.500000000000002 19.500000000000004 13.500000000000002 9.5000000000000018
decision_type=2 2 2 2 2 2 2 2 2 2 2 2 2 2
left_child=9 2 6 5 -4 -3 -2 8 13 -1 -9 -5 -10 -8
right_child=1 3 4 11 -6 -7 7 10 12 -11 -12 -13 -14 -15
leaf_value=-3.4914754407746451 2.3886455959743924 -0.033181217312812809 -3.0106257359186812 6.1490062395731595 1.6630111094315847 -3.4268554433186851 4.7078389485677086 4.8733422173394096 8.0750304328070737 -1.2196453711638848 2.4058408048417834 3.9534024556477867 6.6312638600667313 6.3787620544433601
leaf_weight=168 18 24 24 12.000000000000002 30 120 18 18 54 24 18 11.999999999999998 18 18
leaf_count=168 18 24 24 12 30 120 18 18 54 24 18 12 18 18
internal_value=-3.36363e-08 1.60375 4.19736 -1.73089 -0.414161 -2.86124 5.73453 6.15277 6.99049 -3.2075 3.63959 5.0512 7.71409 5.5433
internal_weight=576 384 216 168 54 144 162 144 108 192 36 24 72 36
internal_count=576 384 216 168 54 144 162 144 108 192 36 24 72 36
is_linear=0
shrinkage=0.05


Tree=6
num_leaves=15
num_cat=0
split_feature=0 0 1 5 0 0 0 0 0 0 0 0 0 1
split_gain=1.06963e+06 1.19893e+06 552749 464936 105137 83152.9 81837.9 109445 40827.6 39127.1 19781.7 10441.6 10158.6 9327.18
threshold=7.5000000000000009 16.500000000000004 4.5000000000000009 1.0000000180025095e-35 11.500000000000002 17.500000000000004 8.5000000000000018 14.500000000000002 10.500000000000002 6.5000000000000009 15.500000000000002 19.500000000000004 13.500000000000002 2.5000000000000004
decision_type=2 2 2 2 2 2 2 2 2 2 2 2 2 2
left_child=9 2 6 5 -4 -3 -2 8 -8 -1 -9 -5 -10 -11
right_child=1 3 4 11 -6 -7 7 10 12 13 -12 -13 -14 -15
leaf_value=-3.3169015435945419 2.2692133373684356 -0.031522177532315253 -2.8600943962732952 5.8415557861328118 1.5798604754606884 -3.2555126786231998 5.2661354382832855 4.6296750174628363 7.6712789606165011 -0.087106704170053631 2.2855487399631076 3.7557324727376304 6.2997005038791229 -2.0653645666745994
leaf_weight=168 18 24 24 12.000000000000002 30 120 36 18 54 11.000000000000002 18 11.999999999999998 18 12.999999999999998
leaf_count=168 18 24 24 12 30 120 36 18 54 11 18 12 18 13
internal_value=-3.20271e-09 1.52356 3.98749 -1.64435 -0.393453 -2.71818 5.44781 5.84513 6.64097 -3.04712 3.45761 4.79864 7.32838 -1.15866
internal_weight=576 384 216 168 54 144 162 144 108 192 36 24 72 24
internal_count=576 384 216 168 54 144 162 144 108 192 36 24 72 24
is_linear=0
shrinkage=0.05


Tree=7
num_leaves=15
num_cat=0
split_feature=0 0 1 5 0 0 0 0 0 0 0 0 4 0
split_gain=965338 1.08203e+06 498856 419605 95513.8 75045.5 73858.7 98773.7 38094.4 35312.2 17853 14272.3 12085 9423.53
threshold=7.5000000000000009 16.500000000000004 4.5000000000000009 1.0000000180025095e-35 10.500000000000002 17.500000000000004 8.5000000000000018 14.500000000000002 9.5000000000000018 6.5000000000000009 15.500000000000002 12.500000000000002 0.72032526108613626 19.500000000000004
decision_type=2 2 2 2 2 2 2 2 2 2 2 2 2 2
left_child=9 2 6 5 -4 -3 -2 8 -8 -1 -9 -6 -10 -5
right_child=1 3 4 13 11 -7 7 10 12 -11 -12 -13 -14 -15
leaf_value=-3.1510564366976421 2.1557526217566596 -0.029946052655577662 -3.3476452721489802 5.5494778951009103 -0.29477784236272181 -3.0927370746930443 4.2091405232747396 4.3981911553276909 6.5240299940109256 -1.100729938596487 2.1712712605794269 1.8171174387137097 8.3676400756835942 3.567945877710978
leaf_weight=168 18 24 18 12.000000000000002 11.999999999999998 120 18 18 80 24 18 24 9.9999999999999982 11.999999999999998
leaf_count=168 18 24 18 12 12 120 18 18 80 24 18 24 10 12
internal_value=1.82643e-09 1.44738 3.78812 -1.56213 -0.37378 -2.58227 5.17541 5.55287 6.30892 -2.89477 3.28473 1.11315 6.72888 4.55871
internal_weight=576 384 216 168 54 144 162 144 108 192 36 36 90 24
internal_count=576 384 216 168 54 144 162 144 108 192 36 36 90 24
is_linear=0
shrinkage=0.05


Tree=8
num_leaves=15
num_cat=0
split_feature=0 0 1 5 0 0 0 0 0 0 0 0 4 4
split_gain=871217 976533 450217 378693 86201.2 67728.6 66657.5 89143.3 34380.2 31869.3 16112.4 12880.8 10906.7 8504.8
threshold=7.5000000000000009 16.500000000000004 4.5000000000000009 1.0000000180025095e-35 10.500000000000002 17.500000000000004 8.5000000000000018 14.500000000000002 9.5000000000000018 6.5000000000000009 15.500000000000002 12.500000000000002 0.72032526108613626 0.33482604858671661
decision_type=2 2 2 2 2 2 2 2 2 2 2 2 2 2
left_child=9 2 6 5 -4 -3 -2 8 -8 -1 -9 -6 -10 -7
right_child=1 3 4 -5 11 13 7 10 12 -11 -12 -13 -14 -15
leaf_value=-2.9935037158784414 2.0479650921291777 -0.028448761875430745 -3.1802631166246202 4.3307763099670415 -0.28003892501195277 -3.0718195608996473 3.9986832936604824 4.1782818476359047 6.1978284215927131 -1.0456934249649446 2.062707673178779 1.7262616455554962 7.9492585754394529 -1.6130623210560193
leaf_weight=168 18 24 18 24 11.999999999999998 109 18 18 80 24 18 24 9.9999999999999982 10.999999999999998
leaf_count=168 18 24 18 24 12 109 18 18 80 24 18 24 10 11
internal_value=-8.48538e-09 1.37501 3.59871 -1.48402 -0.355091 -2.45316 4.91664 5.27523 5.99347 -2.75003 3.12049 1.05749 6.39243 -2.9381
internal_weight=576 384 216 168 54 144 162 144 108 192 36 36 90 120
internal_count=576 384 216 168 54 144 162 144 108 192 36 36 90 120
is_linear=0
shrinkage=0.05


Tree=9
num_leaves=15
num_cat=0
split_feature=0 0 1 5 0 0 0 0 0 0 0 0 0 1
split_gain=786274 881321 406321 341771 78233.7 61125 60158.4 80451.8 32107.6 28762 14541.4 9121.38 8504.73 8417.79
threshold=7.5000000000000009 16.500000000000004 4.5000000000000009 1.0000000180025095e-35 11.500000000000002 17.500000000000004 8.5000000000000018 14.500000000000002 10.500000000000002 6.5000000000000009 15.500000000000002 13.500000000000002 19.500000000000004 2.5000000000000004
decision_type=2 2 2 2 2 2 2 2 2 2 2 2 2 2
left_child=9 2 6 5 -4 -3 -2 8 -8 -1 -9 -10 -5 -11
right_child=1 3 4 12 -6 -7 7 10 11 13 -12 -13 -14 -15
leaf_value=-2.8438284919375469 1.9455667919582791 -0.027026339371999105 -2.4651079595088961 5.0554650942484525 1.364880503813426 -2.791195216178894 4.474593634075589 3.9693677054511181 6.6283212167245367 0.024569800496101371 1.9595723470052082 5.3286504109700523 3.173009792963664 -1.8547752529382706
leaf_weight=168 18 24 24 12.000000000000002 30 120 36 18 54 11.000000000000002 18 18 11.999999999999998 12.999999999999998
leaf_count=168 18 24 24 12 30 120 36 18 54 11 18 18 12 13
internal_value=2.54251e-08 1.30626 3.41877 -1.40982 -0.337337 -2.3305 4.67081 5.01147 5.6938 -2.61253 2.96447 6.3034 4.11424 -0.993409
internal_weight=576 384 216 168 54 144 162 144 108 192 36 72 24 24
internal_count=576 384 216 168 54 144 162 144 108 192 36 72 24 24
is_linear=0
shrinkage=0.05


Tree=10
num_leaves=15
num_cat=0
split_feature=0 0 1 5 0 0 0 0 0 0 0 0 4 4
split_gain=709612 795392 366705 308448 71751.2 55165.3 55131 90099.9 25957.7 13123.6 10733.8 10486.3 9700.46 7675.58
threshold=7.5000000000000009 16.500000000000004 4.5000000000000009 1.0000000180025095e-35 10.500000000000002 17.500000000000004 9.5000000000000018 14.500000000000002 6.5000000000000009 15.500000000000002 8.5000000000000018 12.500000000000002 0.72032526108613626 0.33482604858671661
decision_type=2 2 2 2 2 2 2 2 2 2 2 2 2 2
left_child=8 2 6 5 -4 -3 10 12 -1 -9 -2 -6 -8 -7
right_child=1 3 4 -5 11 13 7 9 -10 -11 -12 -13 -14 -15
leaf_value=-2.7016370347567968 1.8482884248097737 -0.025675009687741598 -2.8979945288764108 3.9085256814956666 -0.23853129136065643 -2.7786688743381327 5.5924012231826783 3.7708992852105037 -0.9437383374820153 1.8615937524371677 3.575019539727105 1.5717044621706009 7.2441444015502929 -1.3928494670174338
leaf_weight=168 18 24 18 24 11.999999999999998 109 80 18 24 18 18 24 9.9999999999999982 10.999999999999998
leaf_count=168 18 24 18 24 12 109 80 18 24 18 18 24 10 11
internal_value=2.21008e-08 1.24095 3.24784 -1.33933 -0.32047 -2.21398 4.43727 4.9303 -2.4819 2.81625 2.71165 0.968293 5.77593 -2.65164
internal_weight=576 384 216 168 54 144 162 126 192 36 36 36 90 120
internal_count=576 384 216 168 54 144 162 126 192 36 36 36 90 120
is_linear=0
shrinkage=0.05


Tree=11
num_leaves=15
num_cat=0
split_feature=0 0 1 5 0 0 0 0 0 0 0 0 4 0
split_gain=640425 717841 330951 278374 64755.5 49786.7 49755.7 81315.2 23426.9 11844.1 9687.22 9463.84 8754.67 7675.52
threshold=7.5000000000000009 16.500000000000004 4.5000000000000009 1.0000000180025095e-35 10.500000000000002 17.500000000000004 9.5000000000000018 14.500000000000002 6.5000000000000009 15.500000000000002 8.5000000000000018 12.500000000000002 0.72032526108613626 19.500000000000004
decision_type=2 2 2 2 2 2 2 2 2 2 2 2 2 2
left_child=8 2 6 5 -4 -3 10 12 -1 -9 -2 -6 -8 -5
right_child=1 3 4 13 11 -7 7 9 -10 -11 -12 -13 -14 -15
leaf_value=-2.5665551713534764 1.7558740615844728 -0.024391258756319683 -2.7530947791205516 4.6072656154632554 -0.22660474019745985 -2.5190536224842073 5.3127812004089359 3.5823543124728729 -0.89655139046565946 1.7685140000449289 3.3962685267130532 1.493119307855765 6.8819373321533206 2.8189330101013184
leaf_weight=168 18 24 18 12.000000000000002 11.999999999999998 120 80 18 24 18 18 24 9.9999999999999982 11.999999999999998
leaf_count=168 18 24 18 12 12 120 80 18 24 18 18 24 10 12
internal_value=3.90467e-08 1.1789 3.08544 -1.27237 -0.304446 -2.10328 4.21541 4.68379 -2.3578 2.67543 2.57607 0.919878 5.48713 3.7131
internal_weight=576 384 216 168 54 144 162 126 192 36 36 36 90 24
internal_count=576 384 216 168 54 144 162 126 192 36 36 36 90 24
is_linear=0
shrinkage=0.05


Tree=12
num_leaves=15
num_cat=0
split_feature=0 0 1 5 0 0 0 0 0 0 0 0 4 1
split_gain=577983 647852 298683 251233 58441.8 44932.5 44904.6 73387 21142.7 10689.3 8742.71 8541.12 7901.09 7597.05
threshold=7.5000000000000009 16.500000000000004 4.5000000000000009 1.0000000180025095e-35 10.500000000000002 17.500000000000004 9.5000000000000018 14.500000000000002 6.5000000000000009 15.500000000000002 8.5000000000000018 12.500000000000002 0.72032526108613626 2.5000000000000004
decision_type=2 2 2 2 2 2 2 2 2 2 2 2 2 2
left_child=8 2 6 5 -4 -3 10 12 -1 -9 -2 -6 -8 -10
right_child=1 3 4 -5 11 -7 7 9 13 -11 -12 -13 -14 -15
leaf_value=-2.4382274321147377 1.6680803696314497 -0.023171699171264968 -2.6154400719536675 3.5274443864822391 -0.21527447895496155 -2.3931010234355927 5.0471421289443974 3.4032365798950197 0.11535580808466128 1.6800883372624715 3.2264550526936855 1.4184633175532024 6.5378407669067391 -1.6700219282737145
leaf_weight=168 18 24 18 24 11.999999999999998 120 80 18 11.000000000000002 18 18 24 9.9999999999999982 12.999999999999998
leaf_count=168 18 24 18 24 12 120 80 18 11 18 18 24 10 13
internal_value=1.83737e-08 1.11996 2.93117 -1.20875 -0.289224 -1.99811 4.00464 4.4496 -2.23991 2.54166 2.44727 0.873884 5.21278 -0.851724
internal_weight=576 384 216 168 54 144 162 126 192 36 36 36 90 24
internal_count=576 384 216 168 54 144 162 126 192 36 36 36 90 24
is_linear=0
shrinkage=0.05


Tree=13
num_leaves=15
num_cat=0
split_feature=0 0 1 5 0 0 0 0 0 0 0 4 4 0
split_gain=521630 584686 269562 226738 52834.8 40551.6 40526.4 66231.7 19081.3 9647.06 7890.3 7130.74 6948.37 6927.16
threshold=7.5000000000000009 16.500000000000004 4.5000000000000009 1.0000000180025095e-35 11.500000000000002 17.500000000000004 9.5000000000000018 14.500000000000002 6.5000000000000009 15.500000000000002 8.5000000000000018 0.72032526108613626 0.17518594036646329 19.500000000000004
decision_type=2 2 2 2 2 2 2 2 2 2 2 2 2 2
left_child=8 2 6 5 -4 -3 10 11 -1 -9 -2 -8 -7 -5
right_child=1 3 4 13 -6 12 7 9 -10 -11 -12 -13 -14 -15
leaf_value=-2.3163161646752131 1.5846763557857937 -0.02201309452454249 -2.0233526343479755 4.2005303382873524 1.1241090973218284 -2.4002694801048001 4.7947850203514104 3.233074792226156 -0.80913762065271533 1.5960839562945897 3.0651322682698567 6.2109486007690435 -1.1320347269376121 2.5016141255696613
leaf_weight=168 18 24 24 12.000000000000002 30 108 80 18 24 18 18 9.9999999999999982 11.999999999999998 11.999999999999998
leaf_count=168 18 24 24 12 30 108 80 18 24 18 18 10 12 12
internal_value=-1.70147e-08 1.06396 2.78461 -1.14831 -0.274763 -1.89821 3.80441 4.22712 -2.12792 2.41458 2.3249 4.95214 -2.27345 3.35107
internal_weight=576 384 216 168 54 144 162 126 192 36 36 90 120 24
internal_count=576 384 216 168 54 144 162 126 192 36 36 90 120 24
is_linear=0
shrinkage=0.05


Tree=14
num_leaves=15
num_cat=0
split_feature=0 0 1 5 0 0 0 0 0 0 3 0 1 4
split_gain=470771 527679 243279 204631 48653 36597.8 36575 59774.1 17220.9 8706.47 7179.13 7121 6856.34 6731.92
threshold=7.5000000000000009 16.500000000000004 4.5000000000000009 1.0000000180025095e-35 10.500000000000002 17.500000000000004 9.5000000000000018 14.500000000000002 6.5000000000000009 15.500000000000002 13.16293674354853 8.5000000000000018 2.5000000000000004 0.86293891637029907
decision_type=2 2 2 2 2 2 2 2 2 2 2 2 2 2
left_child=8 2 6 5 -4 -3 11 -8 13 -9 -6 -2 -10 -1
right_child=1 3 4 -5 10 -7 7 9 12 -11 -12 -13 -14 -15
leaf_value=-2.2801265330254279 1.5054424709743923 -0.020912447571754457 -2.3835003799862333 3.1835185925165814 1.4317513346672059 -2.1597735901673634 4.7045297156439885 3.0714211357964412 0.15004489205100316 1.5162797292073569 0.010790588520467282 2.9118756612141929 -1.5460640228711642 -0.94240502357482914
leaf_weight=158 18 24 18 24 20 120 90 18 11.000000000000002 18 15.999999999999998 18 12.999999999999998 9.9999999999999982
leaf_count=158 18 24 18 24 20 120 90 18 11 18 16 18 13 10
internal_value=3.70615e-08 1.01076 2.64538 -1.09089 -0.261025 -1.8033 3.61419 4.01576 -2.02152 2.29385 0.800213 2.20866 -0.768681 -2.2005
internal_weight=576 384 216 168 54 144 162 126 192 36 36 36 24 168
internal_count=576 384 216 168 54 144 162 126 192 36 36 36 24 168
is_linear=0
shrinkage=0.05


Tree=15
num_leaves=15
num_cat=0
split_feature=0 0 1 5 0 0 0 0 0 0 3 4 0 0
split_gain=424871 476230 219560 184679 43909.3 33029.5 33009 53946.2 15541.9 7857.59 6542.74 6435.49 6494.72 8261.43
threshold=7.5000000000000009 16.500000000000004 4.5000000000000009 1.0000000180025095e-35 10.500000000000002 17.500000000000004 9.5000000000000018 14.500000000000002 6.5000000000000009 15.500000000000002 13.067746037621944 0.72032526108613626 13.500000000000002 10.500000000000002
decision_type=2 2 2 2 2 2 2 2 2 2 2 2 2 2
left_child=8 2 6 5 -4 -3 -2 11 -1 -9 -6 12 13 -8
right_child=1 3 4 -5 10 -7 7 9 -10 -11 -12 -13 -14 -15
leaf_value=-2.0904753168423968 2.0982261074913873 -0.019866836443543437 -2.2643254174126519 3.0243425925572716 1.472810825179605 -2.0517850081125899 3.6005087459788605 2.9178499433729388 -0.73024670382340751 1.4404657390382556 0.12260568126251824 5.6651747512817385 3.4187973856925966 4.8867259411101642
leaf_weight=168 36 24 18 24 17 120 17 18 24 18 19 9.9999999999999982 15.999999999999998 47
leaf_count=168 36 24 18 24 17 120 17 18 24 18 19 10 16 47
internal_value=-4.64213e-08 0.960223 2.51311 -1.03635 -0.247973 -1.71313 3.43348 3.81498 -1.92045 2.17916 0.760203 4.4693 4.31982 4.54507
internal_weight=576 384 216 168 54 144 162 126 192 36 36 90 80 64
internal_count=576 384 216 168 54 144 162 126 192 36 36 90 80 64
is_linear=0
shrinkage=0.05


Tree=16
num_leaves=15
num_cat=0
split_feature=0 0 1 5 0 0 0 0 0 0 0 0 4 0
split_gain=383446 429798 198153 166673 39628.1 30376.6 39463.9 29809.1 18497.6 14026.5 7304.52 7091.48 6281.8 6251.76
threshold=7.5000000000000009 16.500000000000004 4.5000000000000009 1.0000000180025095e-35 10.500000000000002 8.5000000000000018 14.500000000000002 17.500000000000004 10.500000000000002 6.5000000000000009 13.500000000000002 15.500000000000002 0.33482604858671661 19.500000000000004
decision_type=2 2 2 2 2 2 2 2 2 2 2 2 2 2
left_child=9 2 5 7 -4 -2 8 -3 -7 -1 -10 -8 -9 -5
right_child=1 3 4 13 -6 6 11 12 10 -11 -12 -13 -14 -15
leaf_value=-1.9859514889262972 1.3252590603298611 -0.018873490268985431 -2.1511091894573635 3.6801106770833325 0.72219245905677487 3.0563573943244089 2.7719574822319881 -2.0641179872215338 4.7352244200529876 -0.69373435626427338 3.5721729702419709 1.3684424546029834 -0.8104195963252675 2.0661403497060138
leaf_weight=168 18 24 18 12.000000000000002 36 36 18 109 54 24 18 18 10.999999999999998 11.999999999999998
leaf_count=168 18 24 18 12 36 36 18 109 54 24 18 18 11 12
internal_value=3.66424e-08 0.912212 2.38746 -0.984532 -0.235575 3.2618 3.50387 -1.62748 3.98176 -1.82442 4.44446 2.0702 -1.9492 2.87313
internal_weight=576 384 216 168 54 162 144 144 108 192 72 36 120 24
internal_count=576 384 216 168 54 162 144 144 108 192 72 36 120 24
is_linear=0
shrinkage=0.05


Tree=17
num_leaves=15
num_cat=0
split_feature=0 0 1 5 0 0 0 0 0 0 0 0 1 4
split_gain=346060 387893 178833 150422 36538.1 27414.9 35616.1 26902.8 16694.1 12658.9 6592.33 6400.06 6187.85 6075.56
threshold=7.5000000000000009 16.500000000000004 4.5000000000000009 1.0000000180025095e-35 11.500000000000002 8.5000000000000018 14.500000000000002 17.500000000000004 10.500000000000002 6.5000000000000009 13.500000000000002 15.500000000000002 2.5000000000000004 0.86293891637029907
decision_type=2 2 2 2 2 2 2 2 2 2 2 2 2 2
left_child=9 2 5 7 -4 -2 8 -3 -7 13 -10 -8 -11 -1
right_child=1 3 4 -5 -6 6 11 -9 10 12 -12 -13 -14 -15
leaf_value=-1.9622989268242561 1.2589961131413778 -0.017929815811415516 -1.6779197680453461 2.7294691880544026 0.93950300435225176 2.9035394880506731 2.6333596123589409 -1.8517358802755675 4.4984629878291384 0.21374169967391268 3.3935642666286898 1.3000203331311546 -1.3975617225353536 -0.69146347522735596
leaf_weight=158 18 24 24 24 30 36 18 120 54 11.000000000000002 18 18 12.999999999999998 9.9999999999999982
leaf_count=158 18 24 24 24 30 36 18 120 54 11 18 18 13 10
internal_value=-8.89154e-09 0.866602 2.26809 -0.935306 -0.223796 3.09871 3.32868 -1.5461 3.78267 -1.7332 4.22224 1.96669 -0.659048 -1.88665
internal_weight=576 384 216 168 54 162 144 144 108 192 72 36 24 168
internal_count=576 384 216 168 54 162 144 144 108 192 72 36 24 168
is_linear=0
shrinkage=0.05


Tree=18
num_leaves=15
num_cat=0
split_feature=0 0 1 5 0 0 0 0 0 0 4 0 4 1
split_gain=312319 350073 161397 135756 32975.7 25087.8 39967.1 24279.7 11424.7 5776.05 5687.02 5642.21 5641.87 5584.53
threshold=7.5000000000000009 16.500000000000004 4.5000000000000009 1.0000000180025095e-35 11.500000000000002 9.5000000000000018 14.500000000000002 17.500000000000004 6.5000000000000009 15.500000000000002 0.17518594036646329 19.500000000000004 0.72032526108613626 2.5000000000000004
decision_type=2 2 2 2 2 2 2 2 2 2 2 2 2 2
left_child=8 2 5 7 -4 -2 12 -3 -1 -8 -9 -5 -7 -10
right_child=1 3 4 11 -6 6 9 10 13 -11 -12 -13 -14 -15
leaf_value=-1.792321241753442 1.779711045159234 -0.017033323645591736 -1.5940238560239475 3.3596315542856843 0.89252786397933959 3.6996074509620671 2.50169169637892 -1.8738853242662217 0.20305460555986918 1.2350193136268193 -0.72652351856231689 1.8263598918914796 4.9592799758911141 -1.3276836688701925
leaf_weight=168 36 24 24 12.000000000000002 30 80 18 108 11.000000000000002 18 11.999999999999998 11.999999999999998 9.9999999999999982 12.999999999999998
leaf_count=168 36 24 24 12 30 80 18 108 11 18 12 12 10 13
internal_value=-5.01879e-10 0.823271 2.15468 -0.88854 -0.212606 2.94378 3.27637 -1.4688 -1.64654 1.86836 -1.75915 2.593 3.83957 -0.626095
internal_weight=576 384 216 168 54 162 126 144 192 36 120 24 90 24
internal_count=576 384 216 168 54 162 126 144 192 36 120 24 90 24
is_linear=0
shrinkage=0.05


Tree=19
num_leaves=15
num_cat=0
split_feature=0 0 1 5 0 0 0 0 0 0 0 4 0 3
split_gain=281868 315941 145660 122520 30408.7 23121.5 29182 21912.5 13792.8 10310.8 5936.36 5483.19 5212.89 5186.15
threshold=7.5000000000000009 16.500000000000004 4.5000000000000009 1.0000000180025095e-35 10.500000000000002 8.5000000000000018 14.500000000000002 17.500000000000004 10.500000000000002 6.5000000000000009 13.500000000000002 0.86293891637029907 15.500000000000002 13.067746037621944
decision_type=2 2 2 2 2 2 2 2 2 2 2 2 2 2
left_child=9 2 5 7 -4 -2 8 -3 -7 11 -10 -1 -8 -6
right_child=1 3 4 -5 13 6 12 -9 10 -11 -12 -13 -14 -15
leaf_value=-1.7745679466030264 1.1070607337686751 -0.016181651316583157 -1.8799565209282769 2.463346032301585 1.2714591454057134 2.6196300029754642 2.3766070153978136 -1.671191653360923 4.0803950415717232 -0.59479053815205896 3.0319075690375437 -0.567274227142334 1.1732683334085676 0.069353310057991432
leaf_weight=158 18 24 18 24 17 36 18 120 54 24 18 9.9999999999999982 18 19
leaf_count=158 18 24 18 24 17 36 18 120 54 24 18 10 18 19
internal_value=-8.5811e-09 0.782108 2.04695 -0.844113 -0.201976 2.79659 3.00778 -1.39536 3.41873 -1.56422 3.81827 -1.70271 1.77494 0.637014
internal_weight=576 384 216 168 54 162 144 144 108 192 72 168 36 36
internal_count=576 384 216 168 54 162 144 144 108 192 72 168 36 36
is_linear=0
shrinkage=0.05


Tree=20
num_leaves=15
num_cat=0
split_feature=0 0 1 5 0 0 0 0 0 0 3 4 0 1
split_gain=254386 285137 131459 110574 27443.8 20867.1 26336.8 19776 12448 9305.49 5522.06 5141.09 5092.1 5040.04
threshold=7.5000000000000009 16.500000000000004 4.5000000000000009 1.0000000180025095e-35 10.500000000000002 8.5000000000000018 14.500000000000002 17.500000000000004 10.500000000000002 6.5000000000000009 12.816813062968048 0.33482604858671661 19.500000000000004 2.5000000000000004
decision_type=2 2 2 2 2 2 2 2 2 2 2 2 2 2
left_child=9 2 5 7 -4 -2 8 -3 -7 -1 -10 -9 -5 -11
right_child=1 3 4 12 -6 6 -8 11 10 13 -12 -13 -14 -15
leaf_value=-1.6175698899087452 1.0517076942655776 -0.015372571721673013 -1.7859587298499215 3.0684827168782545 0.60516369094451272 2.4886485576629642 1.6861908207130101 -1.6915977932991237 2.8689303292168513 0.22264140886572098 3.8801691090619124 -0.55742603811350733 1.6118745883305867 -1.2315599038050724
leaf_weight=168 18 24 18 12.000000000000002 36 36 36 109 18 11.000000000000002 54 10.999999999999998 11.999999999999998 12.999999999999998
leaf_count=168 18 24 18 12 36 36 36 109 18 11 54 11 12 13
internal_value=8.6215e-09 0.743003 1.9446 -0.801908 -0.191877 2.65676 2.85739 -1.32559 3.24779 -1.48601 3.62736 -1.58763 2.34018 -0.565051
internal_weight=576 384 216 168 54 162 144 144 108 192 72 120 24 24
internal_count=576 384 216 168 54 162 144 144 108 192 72 120 24 24
is_linear=0
shrinkage=0.05


Tree=21
num_leaves=15
num_cat=0
split_feature=0 0 1 5 0 0 0 0 0 4 4 0 4 0
split_gain=229583 257336 118641 99793.3 25007.7 19069 29614 17847.8 8398.2 4948.58 4861.11 4704.63 4658.56 4643.42
threshold=7.5000000000000009 16.500000000000004 4.5000000000000009 1.0000000180025095e-35 11.500000000000002 9.5000000000000018 14.500000000000002 17.500000000000004 6.5000000000000009 0.86293891637029907 0.72032526108613626 15.500000000000002 0.39898482121119017 13.500000000000002
decision_type=2 2 2 2 2 2 2 2 2 2 2 2 2 2
left_child=8 2 5 7 -4 -2 10 -3 9 -1 13 -8 -9 -7
right_child=1 3 4 -5 -6 6 11 12 -10 -11 -12 -13 -14 -15
leaf_value=-1.6049609757676908 1.5090493268436855 -0.01460393617550532 -1.3852822303771974 2.2231697479883832 0.78011597653230036 3.3592301264405253 2.1734671592712402 -1.6021814979206432 -0.53679842607428629 -0.45803203821182259 4.3380340385437011 1.0302953839302063 -0.47500927865505221 2.406907939910889
leaf_weight=158 36 24 24 24 30 64 18 110 24 9.9999999999999982 9.9999999999999982 18 9.9999999999999982 15.999999999999998
leaf_count=158 36 24 24 24 30 64 18 110 24 10 10 18 10 16
internal_value=1.38431e-08 0.705852 1.84737 -0.761812 -0.182283 2.52392 2.81388 -1.25931 -1.4117 -1.53669 3.29868 1.60188 -1.50825 3.16877
internal_weight=576 384 216 168 54 162 126 144 192 168 90 36 120 80
internal_count=576 384 216 168 54 162 126 144 192 168 90 36 120 80
is_linear=0
shrinkage=0.05


Tree=22
num_leaves=15
num_cat=0
split_feature=0 0 1 5 0 0 0 0 0 0 3 0 1 4
split_gain=207199 232246 107074 90063.5 22839.6 17600 21581 16107.7 10410.2 7579.38 4640.63 4595.62 4548.63 4466.1
threshold=7.5000000000000009 16.500000000000004 4.5000000000000009 1.0000000180025095e-35 10.500000000000002 8.5000000000000018 14.500000000000002 17.500000000000004 10.500000000000002 6.5000000000000009 14.185622046253 19.500000000000004 2.5000000000000004 0.86293891637029907
decision_type=2 2 2 2 2 2 2 2 2 2 2 2 2 2
left_child=9 2 5 7 -4 -2 8 -3 -7 13 -10 -5 -11 -1
right_child=1 3 4 11 -6 6 -8 -9 10 12 -12 -13 -14 -15
leaf_value=-1.5247129579133627 0.92366985848380456 -0.013873756056030593 -1.6273966656790841 2.8039001782735182 0.55394466742873194 2.2411496294869315 1.5217872109678057 -1.4328380014499029 2.8461112744880448 0.23834926160899067 3.6517406561435801 1.4201223691304525 -1.1431420069474441 -0.43513040304183959
leaf_weight=158 18 24 18 12.000000000000002 36 36 36 120 33 11.000000000000002 39 11.999999999999998 12.999999999999998 9.9999999999999982
leaf_count=158 18 24 18 12 36 36 36 120 33 11 39 12 13 10
internal_value=-1.03157e-08 0.67056 1.755 -0.723722 -0.173169 2.39772 2.58198 -1.19634 2.93538 -1.34112 3.28249 2.11201 -0.509959 -1.45986
internal_weight=576 384 216 168 54 162 144 144 108 192 72 24 24 168
internal_count=576 384 216 168 54 162 144 144 108 192 72 24 24 168
is_linear=0
shrinkage=0.05


Tree=23
num_leaves=15
num_cat=0
split_feature=0 0 1 5 0 0 0 0 4 0 0 0 4 0
split_gain=186997 209602 96634.1 81282.3 20810.2 15884 19774 14537.2 9922.19 6840.39 6803.86 11092.1 4242.98 4147.55
threshold=7.5000000000000009 16.500000000000004 4.5000000000000009 1.0000000180025095e-35 11.500000000000002 8.5000000000000018 15.500000000000002 17.500000000000004 1.1965503698002307 6.5000000000000009 13.500000000000002 10.500000000000002 0.17518594036646329 19.500000000000004
decision_type=2 2 2 2 2 2 2 2 2 2 2 2 2 2
left_child=9 2 5 7 -4 -2 8 -3 10 -1 11 -7 -9 -5
right_child=1 3 4 13 -6 6 -8 12 -10 -11 -12 -13 -14 -15
leaf_value=-1.3868640261037011 0.87748637762334614 -0.013180056214332582 -1.2619151095549266 2.6637051741282138 0.71341294462482141 2.1086191749572758 0.90269124242994525 -1.4603006144364676 4.185522499084473 -0.48446057504042983 1.9367669885808771 3.2790910561879478 -0.46925529638926194 1.3491162618001304
leaf_weight=168 18 24 24 12.000000000000002 30 35 18 108 9.9999999999999982 24 33 48 11.999999999999998 11.999999999999998
leaf_count=168 18 24 24 12 30 35 18 108 10 24 33 48 12 12
internal_value=-6.79736e-09 0.637032 1.66725 -0.687536 -0.164511 2.27784 2.45288 -1.13653 2.67434 -1.27406 2.54406 2.78552 -1.3612 2.00641
internal_weight=576 384 216 168 54 162 144 144 126 192 116 83 120 24
internal_count=576 384 216 168 54 162 144 144 126 192 116 83 120 24
is_linear=0
shrinkage=0.05


Tree=24
num_leaves=15
num_cat=0
split_feature=0 0 1 5 0 4 0 0 0 0 0 3 1 4
split_gain=168765 189166 87212.3 73357.3 19007.9 14563.7 14970.8 16894.6 13119.8 9834.21 6173.45 4159.92 4105.14 4030.65
threshold=7.5000000000000009 16.500000000000004 4.5000000000000009 1.0000000180025095e-35 10.500000000000002 1.438687337252593 15.500000000000002 9.5000000000000018 17.500000000000004 13.500000000000002 6.5000000000000009 13.067746037621944 2.5000000000000004 0.86293891637029907
decision_type=2 2 2 2 2 2 2 2 2 2 2 2 2 2
left_child=10 2 5 8 -4 6 7 -2 -3 -9 13 -6 -12 -1
right_child=1 3 4 -5 11 -7 -8 9 -10 -11 12 -13 -14 -15
leaf_value=-1.3791341345521468 1.2798237178060745 -0.012521064653992654 -1.4829310311211481 1.906090174118678 1.0752543277600233 3.920412479747426 0.58984835222363474 2.8970587253570557 -1.2931362845376135 1.8399286154544716 0.25065482597459438 -0.0013663241737767271 -1.0617619147667519 -0.3440307103842497
leaf_weight=158 36 24 18 24 17 10.999999999999998 15.999999999999998 66 120 33 11.000000000000002 19 12.999999999999998 9.9999999999999982
leaf_count=158 36 24 18 24 17 11 16 66 120 33 11 19 13 10
internal_value=-1.37098e-08 0.60518 1.58389 -0.653159 -0.156285 2.16395 2.03599 2.20739 -1.0797 2.54468 -1.21036 0.507038 -0.460238 -1.31752
internal_weight=576 384 216 168 54 162 151 135 144 99 192 36 24 168
internal_count=576 384 216 168 54 162 151 135 144 99 192 36 24 168
is_linear=0
shrinkage=0.05


Tree=25
num_leaves=15
num_cat=0
split_feature=0 0 1 5 0 0 0 0 4 0 0 0 4 3
split_gain=152310 170722 78709.1 66204.9 17154.6 13398.4 16288.6 11840.6 8129.04 5614.3 9275.83 5571.54 3830.99 3754.33
threshold=7.5000000000000009 16.500000000000004 4.5000000000000009 1.0000000180025095e-35 10.500000000000002 8.5000000000000018 15.500000000000002 17.500000000000004 1.1965503698002307 13.500000000000002 10.500000000000002 6.5000000000000009 0.39898482121119017 13.067746037621944
decision_type=2 2 2 2 2 2 2 2 2 2 2 2 2 2
left_child=11 2 5 7 -4 -2 8 -3 9 10 -7 -1 -9 -6
right_child=1 3 4 -5 13 6 -8 12 -10 -11 -12 -13 -14 -15
leaf_value=-1.2516447507199788 0.76962086889478898 -0.011894991559286913 -1.408784495956368 1.8107856551806134 1.0214916229248048 1.8999213518415179 0.80956115590201494 -1.3136596488343044 3.7853424072265627 1.7479322014432968 2.9702835520108541 -0.4372256911049287 -0.29149734973907471 -0.0012980210153680099
leaf_weight=168 18 24 18 24 17 35 18 110 9.9999999999999982 33 48 24 9.9999999999999982 19
leaf_count=168 18 24 18 24 17 35 18 110 10 33 48 24 10 19
internal_value=2.76163e-09 0.574921 1.50469 -0.620501 -0.148471 2.05575 2.21651 -1.02572 2.41751 2.29959 2.51893 -1.14984 -1.22848 0.481686
internal_weight=576 384 216 168 54 162 144 144 126 116 83 192 120 36
internal_count=576 384 216 168 54 162 144 144 126 116 83 192 120 36
is_linear=0
shrinkage=0.05


Tree=26
num_leaves=15
num_cat=0
split_feature=0 0 1 5 0 4 0 0 0 0 0 0 1 4
split_gain=137460 154077 71034.9 59749.9 15572.2 12224.2 12394.8 13941.1 10686.2 8048.08 5028.31 3743.16 3704.89 3647.86
threshold=7.5000000000000009 16.500000000000004 4.5000000000000009 1.0000000180025095e-35 11.500000000000002 1.438687337252593 15.500000000000002 9.5000000000000018 17.500000000000004 13.500000000000002 6.5000000000000009 19.500000000000004 2.5000000000000004 0.72032526108613626
decision_type=2 2 2 2 2 2 2 2 2 2 2 2 2 2
left_child=10 2 5 8 -4 6 7 -2 -3 -9 13 -5 -12 -1
right_child=1 3 4 11 -6 -7 -8 9 -10 -11 12 -13 -14 -15
leaf_value=-1.2507335298380275 1.1490939809630314 -0.011300253806014855 -1.0903466753661633 2.3446760813395175 0.6183922068277995 3.5621773112903945 0.51987788453698158 2.6168590993592233 -1.1670554845531782 1.6605356086384166 0.25998337499120011 1.0958166460196177 -0.98681254753699665 -0.30884936180981726
leaf_weight=157 36 24 24 12.000000000000002 30 10.999999999999998 15.999999999999998 66 120 33 11.000000000000002 11.999999999999998 12.999999999999998 10.999999999999998
leaf_count=157 36 24 24 12 30 11 16 66 120 33 11 12 13 11
internal_value=-5.44565e-09 0.546175 1.42946 -0.589476 -0.141047 1.95296 1.83573 1.99169 -0.97443 2.29808 -1.09235 1.72025 -0.415364 -1.18906
internal_weight=576 384 216 168 54 162 151 135 144 99 192 24 24 168
internal_count=576 384 216 168 54 162 151 135 144 99 192 24 24 168
is_linear=0
shrinkage=0.05


Tree=27
num_leaves=15
num_cat=0
split_feature=0 0 1 5 0 0 0 0 0 0 4 0 1 4
split_gain=124058 139054 64109 53924.3 14278.9 11309.6 13440.8 9644.26 6709.09 4538.05 3490.67 3378.2 3343.66 3299.68
threshold=7.5000000000000009 16.500000000000004 4.5000000000000009 1.0000000180025095e-35 10.500000000000002 8.5000000000000018 14.500000000000002 17.500000000000004 10.500000000000002 6.5000000000000009 0.17518594036646329 19.500000000000004 2.5000000000000004 0.86293891637029907
decision_type=2 2 2 2 2 2 2 2 2 2 2 2 2 2
left_child=9 2 5 7 -4 -2 8 -3 -7 13 -9 -5 -11 -1
right_child=1 3 4 11 -6 6 -8 10 -10 12 -12 -13 -14 -15
leaf_value=-1.1853565509560742 0.67368511690033817 -0.010735236232479413 -1.2838279465834299 2.2274422923723853 0.44092156589031223 1.7245910406112672 1.1663331796932552 -1.1985929890363305 2.5605716837777033 0.24698420573364596 -0.29969003995259608 1.0410258173942566 -0.93747188127957859 -0.24880446493625641
leaf_weight=158 18 24 18 12.000000000000002 36 36 36 108 72 11.000000000000002 11.999999999999998 11.999999999999998 12.999999999999998 9.9999999999999982
leaf_count=158 18 24 18 12 36 36 36 108 72 11 12 12 13 10
internal_value=-1.6337e-09 0.518866 1.35799 -0.560002 -0.133995 1.85531 2.00302 -0.925708 2.28191 -1.03773 -1.1087 1.63423 -0.394596 -1.12961
internal_weight=576 384 216 168 54 162 144 144 108 192 120 24 24 168
internal_count=576 384 216 168 54 162 144 144 108 192 120 24 24 168
is_linear=0
shrinkage=0.05


Tree=28
num_leaves=15
num_cat=0
split_feature=0 0 1 5 0 4 0 0 0 0 0 4 0 1
split_gain=111962 125496 57858.4 48666.7 13120.2 10815.7 10684.7 11607.2 8703.94 6935.11 4095.59 3150.37 3048.83 3017.66
threshold=7.5000000000000009 16.500000000000004 4.5000000000000009 1.0000000180025095e-35 12.500000000000002 1.5918760761975022 15.500000000000002 9.5000000000000018 17.500000000000004 13.500000000000002 6.5000000000000009 0.39898482121119017 19.500000000000004 2.5000000000000004
decision_type=2 2 2 2 2 2 2 2 2 2 2 2 2 2
left_child=10 2 5 8 -4 6 7 -2 -3 -9 -1 -10 -5 -12
right_child=1 3 4 12 -6 -7 -8 9 11 -11 13 -13 -14 -15
leaf_value=-1.0731289420099486 1.0316823684506946 -0.010198486285905044 -0.82438459237416584 2.1160701473553973 0.74406655778487529 3.3553470611572269 0.43556732162833217 2.3709203250372588 -1.1305114084888588 1.4853924491188744 0.23463498882272021 -0.20358519554138185 0.98897453943888347 -0.89059830445509691
leaf_weight=168 36 24 30 12.000000000000002 24 9.9999999999999982 15.999999999999998 67 110 33 11.000000000000002 9.9999999999999982 11.999999999999998 12.999999999999998
leaf_count=168 36 24 30 12 24 10 16 67 110 33 11 10 12 13
internal_value=-7.67565e-09 0.492923 1.29009 -0.532002 -0.127295 1.76255 1.65776 1.80155 -0.879423 2.0787 -0.985846 -1.05327 1.55252 -0.374866
internal_weight=576 384 216 168 54 162 152 136 144 100 192 120 24 24
internal_count=576 384 216 168 54 162 152 136 144 100 192 120 24 24
is_linear=0
shrinkage=0.05


Tree=29
num_leaves=15
num_cat=0
split_feature=0 0 1 5 0 4 0 0 0 0 0 4 3 4
split_gain=101046 113260 52217.2 43921.7 12077.4 9761.15 9642.95 10475.5 7855.31 6258.94 3696.27 2986.39 2875.69 2871.82
threshold=7.5000000000000009 16.500000000000004 4.5000000000000009 1.0000000180025095e-35 10.500000000000002 1.5918760761975022 15.500000000000002 9.5000000000000018 17.500000000000004 13.500000000000002 6.5000000000000009 0.72032526108613626 13.067746037621944 0.17518594036646329
decision_type=2 2 2 2 2 2 2 2 2 2 2 2 2 2
left_child=10 2 5 8 -4 6 7 -2 -3 -9 11 -1 -6 -10
right_child=1 3 4 -5 12 -7 -8 9 13 -11 -12 -13 -14 -15
leaf_value=-1.0752725385556556 0.9800982495097238 -0.0096885655696193392 -1.1784172912438711 1.4748962173859279 0.88024801646961892 3.1875797271728517 0.41378895789384845 2.2523743636572542 -1.0821377738206477 1.4111228075894444 -0.356123046381011 -0.22305316058072178 -0.014892009057496726 -0.2668018996715546
leaf_weight=157 36 24 18 24 17 9.9999999999999982 15.999999999999998 67 108 33 24 10.999999999999998 19 11.999999999999998
leaf_count=157 36 24 18 24 17 10 16 67 108 33 24 11 19 12
internal_value=7.47136e-09 0.468277 1.22558 -0.505402 -0.12093 1.67442 1.57487 1.71147 -0.835452 1.97476 -0.936554 -1.01947 0.407813 -1.0006
internal_weight=576 384 216 168 54 162 152 136 144 100 192 168 36 120
internal_count=576 384 216 168 54 162 152 136 144 100 192 168 36 120
is_linear=0
shrinkage=0.05


Tree=30
num_leaves=15
num_cat=0
split_feature=0 0 1 5 0 0 0 0 4 0 0 0 0 1
split_gain=91193.8 102218 47126 39639.3 10899.9 8952.16 10476.2 7089.42 5397.38 3680.37 6130.26 3335.89 2751.57 2723.44
threshold=7.5000000000000009 16.500000000000004 4.5000000000000009 1.0000000180025095e-35 10.500000000000002 8.5000000000000018 15.500000000000002 17.500000000000004 1.1965503698002307 13.500000000000002 10.500000000000002 6.5000000000000009 19.500000000000004 2.5000000000000004
decision_type=2 2 2 2 2 2 2 2 2 2 2 2 2 2
left_child=11 2 5 7 -4 -2 8 -3 9 10 -7 -1 -5 -13
right_child=1 3 4 12 -6 6 -8 -9 -10 -11 -12 13 -14 -15
leaf_value=-0.96849886730668089 0.53941184480985005 -0.0092041254043579105 -1.1194964302910699 1.9365218311548227 0.38742235038015577 1.4615837696620397 0.59377209477954451 -0.95057397561768697 2.9978655624389652 1.3405666943752406 2.3317330479621887 0.24070938419211987 0.86578100820382442 -0.82826222639817471
leaf_weight=168 18 24 18 12.000000000000002 36 35 18 120 9.9999999999999982 33 48 11.000000000000002 11.999999999999998 12.999999999999998
leaf_count=168 18 24 18 12 36 35 18 120 10 33 48 11 12 13
internal_value=-4.99292e-09 0.444863 1.1643 -0.480132 -0.114884 1.5907 1.72211 -0.793679 1.8833 1.78722 1.9648 -0.889726 1.40115 -0.338317
internal_weight=576 384 216 168 54 162 144 144 126 116 83 192 24 24
internal_count=576 384 216 168 54 162 144 144 126 116 83 192 24 24
is_linear=0
shrinkage=0.05


Tree=31
num_leaves=15
num_cat=0
split_feature=0 0 1 5 0 4 0 0 0 0 0 0 4 4
split_gain=82302.4 92251.3 42531.2 35774.5 10130.5 8250.89 7979.95 8828.65 6398.2 3352.16 5518.48 3010.64 2701.27 2591.82
threshold=7.5000000000000009 16.500000000000004 4.5000000000000009 1.0000000180025095e-35 12.500000000000002 1.5918760761975022 15.500000000000002 8.5000000000000018 17.500000000000004 13.500000000000002 10.500000000000002 6.5000000000000009 0.86293891637029907 0.17518594036646329
decision_type=2 2 2 2 2 2 2 2 2 2 2 2 2 2
left_child=11 2 5 8 -4 6 7 -2 -3 10 -9 12 -1 -10
right_child=1 3 4 -5 -6 -7 -8 9 13 -11 -12 -13 -14 -15
leaf_value=-0.97051341505367539 0.5124412341250314 -0.008743920487662156 -0.72167853911717739 1.3310938405493895 0.65653382241725922 2.9023484039306644 0.36341090798377995 1.3972717417611016 -0.98050218616370799 1.2735383308295047 2.2126138064326071 -0.32140105596433083 -0.12313018798828126 -0.20593309998512269
leaf_weight=158 18 24 30 24 24 9.9999999999999982 15.999999999999998 36 108 33 49 24 9.9999999999999982 11.999999999999998
leaf_count=158 18 24 30 24 24 10 16 36 108 33 49 24 10 12
internal_value=-2.68014e-09 0.42262 1.10609 -0.456125 -0.10914 1.51116 1.41964 1.5439 -0.753995 1.70124 1.86729 -0.84524 -0.920074 -0.903045
internal_weight=576 384 216 168 54 162 152 136 144 118 85 192 168 120
internal_count=576 384 216 168 54 162 152 136 144 118 85 192 168 120
is_linear=0
shrinkage=0.05


Tree=32
num_leaves=15
num_cat=0
split_feature=0 0 1 5 0 4 0 0 0 0 0 0 0 1
split_gain=74277.9 83256.8 38384.4 32286.5 9226.09 7446.43 7201.9 7967.85 5774.38 3025.32 4980.43 2717.1 2483.29 2457.9
threshold=7.5000000000000009 16.500000000000004 4.5000000000000009 1.0000000180025095e-35 11.500000000000002 1.5918760761975022 15.500000000000002 8.5000000000000018 17.500000000000004 13.500000000000002 10.500000000000002 6.5000000000000009 19.500000000000004 2.5000000000000004
decision_type=2 2 2 2 2 2 2 2 2 2 2 2 2 2
left_child=11 2 5 8 -4 6 7 -2 -3 10 -9 -1 -5 -13
right_child=1 3 4 12 -6 -7 -8 9 -10 -11 -12 13 -14 -15
leaf_value=-0.87407022154047387 0.48681918813122649 -0.0083067183693250023 -0.83437903225421906 1.7731410356859361 0.48087431649367018 2.757231025695801 0.34524036422371868 1.3274081024858688 -0.8578930153573554 1.2098614266424468 2.1019830586958905 0.24474398493766777 0.75593726535638173 -0.77077909616323614
leaf_weight=168 18 24 24 12.000000000000002 30 9.9999999999999982 15.999999999999998 36 120 33 49 11.000000000000002 11.999999999999998 12.999999999999998
leaf_count=168 18 24 24 12 30 10 16 36 120 33 49 11 12 13
internal_value=-3.94001e-09 0.401489 1.05078 -0.433319 -0.103683 1.43561 1.34866 1.46671 -0.716295 1.61618 1.77393 -0.802978 1.26454 -0.305331
internal_weight=576 384 216 168 54 162 152 136 144 118 85 192 24 24
internal_count=576 384 216 168 54 162 152 136 144 118 85 192 24 24
is_linear=0
shrinkage=0.05


Tree=33
num_leaves=15
num_cat=0
split_feature=0 0 1 5 0 4 0 0 0 0 4 4 0 1
split_gain=67035.8 75139.3 34642 29138.6 8501.32 6806.86 6875.34 9093.49 5211.37 2452.18 2444.86 2361.53 2241.17 2218.26
threshold=7.5000000000000009 16.500000000000004 4.5000000000000009 1.0000000180025095e-35 10.500000000000002 0.72032526108613626 14.500000000000002 9.5000000000000018 17.500000000000004 6.5000000000000009 0.72032526108613626 0.39898482121119017 19.500000000000004 2.5000000000000004
decision_type=2 2 2 2 2 2 2 2 2 2 2 2 2 2
left_child=9 2 5 8 -4 6 7 -2 -3 10 -1 -10 -5 -11
right_child=1 3 4 12 -6 -7 -8 -9 11 13 -12 -13 -14 -15
leaf_value=-0.88085482946247051 0.76247968367167884 -0.00789138035227855 -0.98571872976091179 1.684484025339285 0.34511147754059901 2.3428701579570772 0.59567428904194986 1.7287646031379702 -0.88187585787339651 0.23250677964904087 -0.10976379351182418 -0.079345831871032724 0.71814040318131456 -0.73224008266742413
leaf_weight=157 35 24 18 12.000000000000002 36 15.999999999999998 31 80 110 11.000000000000002 10.999999999999998 9.9999999999999982 11.999999999999998 12.999999999999998
leaf_count=157 35 24 18 12 36 16 31 80 110 11 11 10 12 13
internal_value=-6.95905e-10 0.381414 0.998245 -0.411653 -0.0984986 1.36383 1.25653 1.43468 -0.680481 -0.762829 -0.830367 -0.814998 1.20131 -0.290064
internal_weight=576 384 216 168 54 162 146 115 144 192 168 120 24 24
internal_count=576 384 216 168 54 162 146 115 144 192 168 120 24 24
is_linear=0
shrinkage=0.05


Tree=34
num_leaves=15
num_cat=0
split_feature=0 0 1 5 0 4 0 0 0 0 0 0 4 4
split_gain=60499.8 67813.2 31264.4 26297.5 7896.11 6206.57 6028.73 6720.23 4703.26 2572.97 4225.79 2213.1 2211.38 2131.35
threshold=7.5000000000000009 16.500000000000004 4.5000000000000009 1.0000000180025095e-35 12.500000000000002 1.5918760761975022 15.500000000000002 8.5000000000000018 17.500000000000004 13.500000000000002 10.500000000000002 6.5000000000000009 0.86293891637029907 0.17518594036646329
decision_type=2 2 2 2 2 2 2 2 2 2 2 2 2 2
left_child=11 2 5 8 -4 6 7 -2 -3 10 -9 12 -1 -10
right_child=1 3 4 -5 -6 -7 -8 9 13 -11 -12 -13 -14 -15
leaf_value=-0.83448548994109606 0.42435423831144975 -0.007496830945213636 -0.63435888290405273 1.1412465702121457 0.5824078527589639 2.5022259616851805 0.29819463118910788 1.1957087135977216 -0.84448862584928674 1.0868212335037464 1.9091924375417282 -0.27556122081975143 -0.06778196334838868 -0.14208676367998124
leaf_weight=158 18 24 30 24 24 9.9999999999999982 15.999999999999998 36 108 33 49 24 9.9999999999999982 11.999999999999998
leaf_count=158 18 24 30 24 24 10 16 36 108 33 49 24 10 12
internal_value=8.01972e-10 0.362344 0.948332 -0.39107 -0.0935737 1.29563 1.21625 1.32426 -0.646457 1.46153 1.60701 -0.724687 -0.788848 -0.774248
internal_weight=576 384 216 168 54 162 152 136 144 118 85 192 168 120
internal_count=576 384 216 168 54 162 152 136 144 118 85 192 168 120
is_linear=0
shrinkage=0.05


Tree=35
num_leaves=15
num_cat=0
split_feature=0 0 1 5 0 4 0 3 0 0 3 0 1 4
split_gain=54601.1 61201.4 28216.1 23733.5 7188.07 5631.08 5693.15 7570.47 4244.7 2022.65 2006.22 1997.32 2001.98 2001.54
threshold=7.5000000000000009 16.500000000000004 4.5000000000000009 1.0000000180025095e-35 10.500000000000002 0.72032526108613626 14.500000000000002 18.00744054544101 17.500000000000004 19.500000000000004 13.067746037621944 6.5000000000000009 2.5000000000000004 0.72032526108613626
decision_type=2 2 2 2 2 2 2 2 2 2 2 2 2 2
left_child=11 2 5 8 -4 6 7 -2 -3 -5 -6 13 -13 -1
right_child=1 3 4 9 10 -7 -8 -9 -10 -11 -12 12 -14 -15
leaf_value=-0.79508778271710234 1.5973391384691806 -0.0071219775825738909 -0.90471485985649958 1.5431974172592158 0.71361809898825257 2.1213338434696198 0.53190117036142659 0.75036044164401738 -0.73553601792703072 0.62517103950182606 -0.034051026560758292 0.23465949825265187 -0.68185006655179548 -0.097401497580788365
leaf_weight=157 74 24 18 12.000000000000002 17 15.999999999999998 31 41 120 11.999999999999998 19 11.000000000000002 12.999999999999998 10.999999999999998
leaf_count=157 74 24 18 12 17 16 31 41 120 12 19 11 13 11
internal_value=-7.79336e-11 0.344227 0.900916 -0.371517 -0.088895 1.23085 1.13327 1.29537 -0.614134 1.08418 0.319015 -0.688453 -0.261783 -0.749406
internal_weight=576 384 216 168 54 162 146 115 144 24 36 192 24 168
internal_count=576 384 216 168 54 162 146 115 144 24 36 192 24 168
is_linear=0
shrinkage=0.05


Tree=36
num_leaves=15
num_cat=0
split_feature=0 0 1 5 0 0 0 0 4 0 0 4 0 0
split_gain=49277.5 55234.3 25465 21419.5 6492.45 5231.95 6238.17 3830.84 3164.39 2200.21 3578.27 1942.86 1825.45 1802.58
threshold=7.5000000000000009 16.500000000000004 4.5000000000000009 1.0000000180025095e-35 12.500000000000002 8.5000000000000018 15.500000000000002 17.500000000000004 1.1965503698002307 13.500000000000002 10.500000000000002 0.39898482121119017 19.500000000000004 6.5000000000000009
decision_type=2 2 2 2 2 2 2 2 2 2 2 2 2 2
left_child=13 2 5 7 -4 -2 8 -3 9 10 -7 -9 -5 -1
right_child=1 3 4 12 -6 6 -8 11 -10 -11 -12 -13 -14 -15
leaf_value=-0.71193566238064143 0.36561849539478625 -0.0067658767104148872 -0.57481847206751513 1.4660376469294227 0.52851005761573722 1.0734303913371903 0.39907582683695692 -0.75941937716508456 2.2475689220428468 0.97523985757972265 1.7382307698329289 -0.031497429013252261 0.59391250660022099 -0.24869399417463378
leaf_weight=168 18 24 30 12.000000000000002 24 35 18 110 9.9999999999999982 33 48 9.9999999999999982 11.999999999999998 24
leaf_count=168 18 24 30 12 24 35 18 110 10 33 48 10 12 24
internal_value=-3.34524e-09 0.327015 0.85587 -0.352941 -0.0844502 1.16931 1.26977 -0.583427 1.39416 1.32059 1.45789 -0.698759 1.02998 -0.65403
internal_weight=576 384 216 168 54 162 144 144 126 116 83 120 24 192
internal_count=576 384 216 168 54 162 144 144 126 116 83 120 24 192
is_linear=0
shrinkage=0.05


Tree=37
num_leaves=15
num_cat=0
split_feature=0 0 1 5 0 4 0 0 0 0 0 4 4 0
split_gain=44472.9 49848.9 22982.2 19331.1 6083.27 4847.28 4623.28 5151.98 3457.33 1983.39 3271.65 1778.62 1753.43 1653.16
threshold=7.5000000000000009 16.500000000000004 4.5000000000000009 1.0000000180025095e-35 10.500000000000002 1.5918760761975022 15.500000000000002 8.5000000000000018 17.500000000000004 13.500000000000002 11.500000000000002 0.72032526108613626 0.39898482121119017 6.5000000000000009
decision_type=2 2 2 2 2 2 2 2 2 2 2 2 2 2
left_child=11 2 5 8 -4 6 7 -2 -3 10 -9 13 -10 -1
right_child=1 3 4 -5 -6 -7 -8 9 12 -11 -12 -13 -14 -15
leaf_value=-0.7197366338626594 0.34733757645719582 -0.0064275755857427916 -0.8307381696171231 0.97847630660980944 0.29502752528836335 2.1771544504165652 0.23673605262301864 1.1236630357503892 -0.72144842206754467 0.92647786754550365 1.7539575638089862 -0.078694321428026473 -0.029922529160976409 -0.24737067023913065
leaf_weight=157 18 24 18 24 36 9.9999999999999982 15.999999999999998 50 110 33 35 13.999999999999998 9.9999999999999982 21
leaf_count=157 18 24 18 24 36 10 16 50 110 33 35 14 10 21
internal_value=-9.31323e-10 0.310664 0.813077 -0.335294 -0.0802277 1.11084 1.04069 1.13528 -0.554256 1.25547 1.3832 -0.621329 -0.663821 -0.664008
internal_weight=576 384 216 168 54 162 152 136 144 118 85 192 120 178
internal_count=576 384 216 168 54 162 152 136 144 118 85 192 120 178
is_linear=0
shrinkage=0.05


Tree=38
num_leaves=15
num_cat=0
split_feature=0 0 1 1 0 0 4 0 0 0 4 0 0 3
split_gain=40136.8 44988.7 20741.4 17619.2 9335.02 5490.15 4374.67 4172.51 4649.66 3898.52 2998.46 1790.01 2994.22 1637.34
threshold=7.5000000000000009 16.500000000000004 4.5000000000000009 4.5000000000000009 18.500000000000004 10.500000000000002 1.5918760761975022 15.500000000000002 8.5000000000000018 21.500000000000004 0.56331553420657554 13.500000000000002 10.500000000000002 13.067746037621944
decision_type=2 2 2 2 2 2 2 2 2 2 2 2 2 2
left_child=-1 2 6 10 -5 -4 7 8 -2 -6 -3 12 -10 -7
right_child=1 3 5 4 9 13 -8 -9 11 -11 -12 -13 -14 -15
leaf_value=-0.59026249056138724 0.32997069501628484 -0.68959555987430665 -0.78920127418306141 1.7469778696695966 0.56229932341310707 0.63676031705211189 2.0682967138290405 0.22489924747496845 0.96781889100869511 -0.60116622348626458 0.17449545623226601 0.8801539703752056 1.5684000263408739 -0.038683415243500163
leaf_weight=192 18 115 18 11.999999999999998 18.000000000000004 17 9.9999999999999982 15.999999999999998 36 11.999999999999998 10.999999999999998 33 49 19
leaf_count=192 18 115 18 12 18 17 10 16 36 12 11 33 49 19
internal_value=-4.19548e-09 0.295131 0.772423 -0.318529 0.56836 -0.0762163 1.0553 0.988658 1.07851 0.0969131 -0.614159 1.1927 1.31404 0.280276
internal_weight=576 384 216 168 42 54 162 152 136 30 126 118 85 36
internal_count=576 384 216 168 42 54 162 152 136 30 126 118 85 36
is_linear=0
shrinkage=0.05


Tree=39
num_leaves=15
num_cat=0
split_feature=0 0 1 1 0 0 4 0 0 0 4 4 0 3
split_gain=36223.5 40602.3 18719.1 15901.4 8424.85 4996.96 3986.95 4008.92 5376.65 3518.41 2706.11 1605.21 1491.98 1991.43
threshold=7.5000000000000009 16.500000000000004 4.5000000000000009 4.5000000000000009 18.500000000000004 12.500000000000002 0.72032526108613626 14.500000000000002 9.5000000000000018 21.500000000000004 0.56331553420657554 0.72032526108613626 6.5000000000000009 19.399791243936736
decision_type=2 2 2 2 2 2 2 2 2 2 2 2 2 2
left_child=11 2 6 10 -5 -4 7 8 -2 -6 -3 12 -1 -14
right_child=1 3 5 4 9 -7 -8 -9 -10 -11 -12 -13 13 -15
leaf_value=-0.65423666691514337 0.53957689787660335 -0.65511577932730969 -0.50260624011357624 1.6596289396286013 0.5341843679547309 0.4653453810140491 1.7518260508775712 0.41579086905525575 1.2825889369845391 -0.57110792696475987 0.16577065627683293 -0.045246484449931554 -0.7161575019732116 0.25875508785247803
leaf_weight=157 35 115 30 11.999999999999998 18.000000000000004 24 15.999999999999998 31 80 11.999999999999998 10.999999999999998 13.999999999999998 10.000000000000002 10.999999999999998
leaf_count=157 35 115 30 12 18 24 16 31 80 12 11 14 10 11
internal_value=-1.89175e-09 0.280375 0.733802 -0.302603 0.539942 -0.0724055 1.00254 0.920423 1.05645 0.0920674 -0.583451 -0.560749 -0.601295 -0.205489
internal_weight=576 384 216 168 42 54 162 146 115 30 126 192 178 21
internal_count=576 384 216 168 42 54 162 146 115 30 126 192 178 21
is_linear=0
shrinkage=0.05


Tree=40
num_leaves=15
num_cat=0
split_feature=4 0 0 1 1 0 0 0 3 0 0 3 0 1
split_gain=33711.7 28907.7 31295.6 28714.9 13226.2 12131.9 8899.16 3240 4371.4 2395.25 2048.7 2024.25 1721.95 1557.77
threshold=3.0956703811672841 6.5000000000000009 16.500000000000004 4.5000000000000009 4.5000000000000009 10.500000000000002 18.500000000000004 15.500000000000002 18.00744054544101 13.500000000000002 21.500000000000004 13.16293674354853 8.5000000000000018 2.5000000000000004
decision_type=2 2 2 2 2 2 2 2 2 2 2 2 2 2
left_child=1 -1 3 7 -4 12 -6 8 9 -3 -8 -7 -5 -10
right_child=-2 2 4 5 6 11 10 -9 13 -11 -12 -13 -14 -15
leaf_value=-0.60317157786227993 2.8777791213989259 1.3252510364239034 -0.60442110134529015 -1.6910970369974767 1.576647472381592 0.52128278590738775 0.31073042122537592 0.21789305280236637 0.39092199036053255 0.80732588154428153 -0.54255253374576573 -0.24709651211897535 -0.84405535161495215 0.91392881919940328
leaf_weight=167 9.9999999999999982 65 124 12.000000000000002 11.999999999999998 20 17.000000000000004 17 35 34 11.999999999999998 14.999999999999998 11.999999999999998 24
leaf_count=167 10 65 124 12 12 20 17 17 35 34 12 15 12 24
internal_value=-4.3355e-09 -0.0508442 0.18033 0.552173 -0.34701 -0.401739 0.431501 0.873778 0.944348 1.14738 -0.0423522 0.191977 -1.26758 0.603671
internal_weight=576 566 399 234 165 59 41 175 158 99 29 35 24 59
internal_count=576 566 399 234 165 59 41 175 158 99 29 35 24 59
is_linear=0
shrinkage=0.05


Tree=41
num_leaves=15
num_cat=0
split_feature=4 0 0 1 1 0 0 0 0 0 1 0 0 0
split_gain=30424.8 26165.9 32358.3 14397.4 11936.7 8031.49 4908.74 3119.22 3680.7 1848.95 1713.17 10424 4258.1 1233.12
threshold=3.0956703811672841 7.5000000000000009 16.500000000000004 4.5000000000000009 4.5000000000000009 18.500000000000004 12.500000000000002 15.500000000000002 8.5000000000000018 21.500000000000004 4.5000000000000009 6.5000000000000009 5.5000000000000009 13.500000000000002
decision_type=2 2 2 2 2 2 2 2 2 2 2 2 2 2
left_child=1 10 3 7 -4 -6 -5 8 -3 -7 11 -1 -12 -10
right_child=-2 2 4 6 5 9 -8 -9 13 -11 12 -13 -14 -15
leaf_value=-0.59989413333435848 2.7338902187347411 0.25677764746877879 -0.57420004429220561 -0.54427576825536528 1.4978151480356852 0.29519390200867368 0.4224171344811718 0.20699840157347571 1.1215047720481051 -0.51542488733927416 -0.50809916800686294 0.68642052883903193 -1.5995451454694072 0.7669595874407712
leaf_weight=126 9.9999999999999982 18 124 29 11.999999999999998 17.000000000000004 24 17 88 11.999999999999998 35 18 11.999999999999998 34
leaf_count=126 10 18 124 29 12 17 24 17 88 12 35 18 12 34
internal_value=4.5022e-09 -0.0483019 0.194321 0.606019 -0.32966 0.409926 -0.106528 0.846561 0.924222 -0.0402346 -0.524655 -0.439105 -0.786766 1.0227
internal_weight=576 566 375 210 165 41 53 157 140 29 191 144 47 122
internal_count=576 566 375 210 165 41 53 157 140 29 191 144 47 122
is_linear=0
shrinkage=0.05


Tree=42
num_leaves=15
num_cat=0
split_feature=4 0 0 1 1 0 0 0 0 0 0 1 0 0
split_gain=27458.4 23614.8 29203.4 12993.6 10772.8 7248.42 4430.14 2815.1 3350.38 1738.29 1668.68 1546.13 9407.67 3842.94
threshold=3.0956703811672841 7.5000000000000009 16.500000000000004 4.5000000000000009 4.5000000000000009 18.500000000000004 12.500000000000002 15.500000000000002 9.5000000000000018 13.500000000000002 21.500000000000004 4.5000000000000009 6.5000000000000009 5.5000000000000009
decision_type=2 2 2 2 2 2 2 2 2 2 2 2 2 2
left_child=1 11 3 7 -4 -6 -5 8 -3 -10 -7 12 -1 -13
right_child=-2 2 4 6 5 10 -8 -9 9 -11 -12 13 -14 -15
leaf_value=-0.56989944185765962 2.5971956920623782 0.4622738866342439 -0.54549004382664157 -0.51706199409632847 1.4229243576526642 0.2804342064787359 0.40129628734042244 0.1966484870104229 1.1643833524840219 0.72861160872613695 -0.48965365091959639 -0.48269422399146217 0.65209951210353112 -1.5195678929487864
leaf_weight=126 9.9999999999999982 36 124 29 11.999999999999998 17.000000000000004 24 17 70 34 11.999999999999998 35 18 11.999999999999998
leaf_count=126 10 36 124 29 12 17 24 17 70 34 12 35 18 12
internal_value=-5.03173e-09 -0.0458869 0.184605 0.575718 -0.313177 0.38943 -0.101202 0.804233 0.878011 1.02192 -0.0382228 -0.498422 -0.41715 -0.747428
internal_weight=576 566 375 210 165 41 53 157 140 104 29 191 144 47
internal_count=576 566 375 210 165 41 53 157 140 104 29 191 144 47
is_linear=0
shrinkage=0.05


Tree=43
num_leaves=15
num_cat=0
split_feature=4 0 0 1 1 0 0 0 3 1 0 0 4 0
split_gain=24781.2 21312.3 26356 11726.7 9722.5 6597.3 3998.2 2550.26 3918.95 1395.39 8490.42 3468.25 1012.32 833.544
threshold=3.0956703811672841 7.5000000000000009 16.500000000000004 4.5000000000000009 4.5000000000000009 19.500000000000004 12.500000000000002 14.500000000000002 18.00744054544101 4.5000000000000009 6.5000000000000009 5.5000000000000009 1.0000000180025095e-35 8.5000000000000018
decision_type=2 2 2 2 2 2 2 2 2 2 2 2 2 2
left_child=1 9 3 7 -4 -6 -5 8 -3 10 12 -11 -1 -10
right_child=-2 2 4 6 5 -7 -8 -9 13 11 -12 -13 -14 -15
leaf_value=-0.60837592705360899 2.4673358684778215 1.0731990825430848 -0.51821554344628129 -0.49120888920693562 1.0869087053669824 -0.19113294948702275 0.38123146547004583 0.38073264700086679 0.22082507461309434 -0.4585595055137362 0.61949453287654466 -1.4435894610981146 -0.24148871555276541 0.67093340915938215
leaf_weight=103 9.9999999999999982 81 124 29 18 23 24 34 18 35 18 11.999999999999998 23 24
leaf_count=103 10 81 124 29 18 23 24 34 18 35 18 12 23 24
internal_value=1.40345e-09 -0.0435925 0.175374 0.546932 -0.297518 0.369959 -0.0961416 0.764021 0.869971 -0.473501 -0.396292 -0.710057 -0.541404 0.47803
internal_weight=576 566 375 210 165 41 53 157 123 191 144 47 126 42
internal_count=576 566 375 210 165 41 53 157 123 191 144 47 126 42
is_linear=0
shrinkage=0.05


Tree=44
num_leaves=15
num_cat=0
split_feature=4 0 0 1 1 0 0 0 0 0 1 0 0 0
split_gain=22365 19234.4 23786.3 10583.4 8774.55 6072.73 3608.38 2374.72 2815.96 1414.56 1259.34 7662.61 3130.1 945.061
threshold=3.0956703811672841 7.5000000000000009 16.500000000000004 4.5000000000000009 4.5000000000000009 18.500000000000004 12.500000000000002 15.500000000000002 8.5000000000000018 21.500000000000004 4.5000000000000009 6.5000000000000009 5.5000000000000009 13.500000000000002
decision_type=2 2 2 2 2 2 2 2 2 2 2 2 2 2
left_child=1 10 3 7 -4 -6 -5 8 -3 -7 11 -1 -12 -10
right_child=-2 2 4 6 5 9 -8 -9 13 -11 12 -13 -14 -15
leaf_value=-0.51433422641148652 2.3439690682291987 0.20978381550974318 -0.49230476745194007 -0.46664844535548111 1.2974327246348063 0.25341546325122605 0.36216989823927487 0.1677794302649358 0.96621649161679679 -0.45561432838439941 -0.4356315244095666 0.58851980070273091 -1.3714100163429976 0.65583274126710267
leaf_weight=126 9.9999999999999982 18 124 29 11.999999999999998 17.000000000000004 24 17 88 11.999999999999998 35 18 11.999999999999998 34
leaf_count=126 10 18 124 29 12 17 24 17 88 12 35 18 12 34
internal_value=-7.21613e-10 -0.0414129 0.166606 0.519586 -0.282642 0.351461 -0.0913345 0.72582 0.793582 -0.0399762 -0.449826 -0.376477 -0.674554 0.879716
internal_weight=576 566 375 210 165 41 53 157 140 29 191 144 47 122
internal_count=576 566 375 210 165 41 53 157 140 29 191 144 47 122
is_linear=0
shrinkage=0.05


Tree=45
num_leaves=15
num_cat=0
split_feature=4 0 0 1 1 0 3 0 3 0 0 1 0 0
split_gain=20184.5 17359 21467.1 9551.5 7919.03 5480.64 3258.94 2143.18 2643.4 1553.14 1276.64 1136.55 6915.5 2824.91
threshold=3.0956703811672841 7.5000000000000009 16.500000000000004 4.5000000000000009 4.5000000000000009 18.500000000000004 13.16293674354853 15.500000000000002 18.00744054544101 13.500000000000002 21.500000000000004 4.5000000000000009 6.5000000000000009 5.5000000000000009
decision_type=2 2 2 2 2 2 2 2 2 2 2 2 2 2
left_child=1 11 3 7 -4 -6 -5 8 9 -3 -7 12 -1 -13
right_child=-2 2 4 6 5 10 -8 -9 -10 -11 -12 13 -14 -15
leaf_value=-0.4886175254877243 2.2267706596851347 1.0412168378476054 -0.46768953982860817 0.41686292685568332 1.2325611044963203 0.2407446980476379 -0.39199846079855255 0.15939045189058079 0.42202679472310206 0.62304108695072291 -0.4328336189190547 -0.41384994787829266 0.55909380283620624 -1.302839520162282
leaf_weight=126 9.9999999999999982 64 124 20 11.999999999999998 17.000000000000004 33 17 42 34 11.999999999999998 35 18 11.999999999999998
leaf_count=126 10 64 124 20 12 17 33 17 42 34 12 35 18 12
internal_value=-3.22293e-09 -0.0393422 0.158275 0.493606 -0.26851 0.333888 -0.0867677 0.689529 0.753903 0.896135 -0.0379774 -0.427335 -0.357654 -0.640826
internal_weight=576 566 375 210 165 41 53 157 140 98 29 191 144 47
internal_count=576 566 375 210 165 41 53 157 140 98 29 191 144 47
is_linear=0
shrinkage=0.05


Tree=46
num_leaves=15
num_cat=0
split_feature=4 0 0 1 1 0 0 0 0 0 0 1 0 0
split_gain=18216.5 15666.5 19374.1 8620.23 7146.93 4978.37 2983.74 1934.22 2430.56 1231.65 1117.66 1025.74 6241.24 2549.48
threshold=3.0956703811672841 7.5000000000000009 16.500000000000004 4.5000000000000009 4.5000000000000009 19.500000000000004 12.500000000000002 15.500000000000002 9.5000000000000018 13.500000000000002 11.500000000000002 4.5000000000000009 6.5000000000000009 5.5000000000000009
decision_type=2 2 2 2 2 2 2 2 2 2 2 2 2 2
left_child=1 11 3 7 -4 -6 -5 8 -3 10 -10 12 -1 -13
right_child=-2 2 4 6 5 -7 -8 -9 9 -11 -12 13 -14 -15
leaf_value=-0.46418665035494738 2.1154320812225342 0.36210881846232551 -0.44430506220988691 -0.42371608491601614 0.93999413417445299 -0.17021627685298091 0.32995876070732871 0.1514209320440012 0.75311545869883378 0.59188904635169937 1.1528613718019594 -0.39315745983804978 0.53113912219802539 -1.237697552641233
leaf_weight=126 9.9999999999999982 36 124 29 18 23 24 17 34 34 36 35 18 11.999999999999998
leaf_count=126 10 36 124 29 18 23 24 17 34 34 36 35 18 12
internal_value=-4.62686e-09 -0.0373751 0.150362 0.468926 -0.255084 0.317193 -0.0824294 0.655052 0.716208 0.83878 0.958699 -0.405968 -0.339771 -0.608785
internal_weight=576 566 375 210 165 41 53 157 140 104 70 191 144 47
internal_count=576 566 375 210 165 41 53 157 140 104 70 191 144 47
is_linear=0
shrinkage=0.05


Tree=47
num_leaves=15
num_cat=0
split_feature=4 0 0 1 1 0 3 0 0 0 1 0 0 4
split_gain=16440.4 14139 17485.1 7779.76 6450.1 4592.03 2693.15 1770.25 2840.65 1082.7 925.728 5632.72 2300.91 913.623
threshold=3.0956703811672841 7.5000000000000009 16.500000000000004 4.5000000000000009 4.5000000000000009 18.500000000000004 13.16293674354853 14.500000000000002 10.500000000000002 21.500000000000004 4.5000000000000009 6.5000000000000009 5.5000000000000009 1.0000000180025095e-35
decision_type=2 2 2 2 2 2 2 2 2 2 2 2 2 2
left_child=1 10 3 7 -4 -6 -5 8 -3 -7 11 13 -12 -1
right_child=-2 2 4 6 5 9 -8 -9 -10 -11 12 -13 -14 -15
leaf_value=-0.50460021293279034 2.0096605324745176 0.43895706581296745 -0.42208981123422423 0.3795218336582184 1.1239332988858224 0.21762632070218813 -0.35578045881155768 0.30296217203140263 0.92314027517602071 -0.40268111526966099 -0.37349957653454374 0.50458215884864333 -1.175812657425801 -0.15605736660730582
leaf_weight=103 9.9999999999999982 54 124 20 11.999999999999998 17.000000000000004 33 34 69 11.999999999999998 35 18 11.999999999999998 23
leaf_count=103 10 54 124 20 12 17 33 34 69 12 35 18 12 23
internal_value=-2.19281e-09 -0.0355064 0.142843 0.44548 -0.24233 0.301334 -0.0783079 0.6223 0.710572 -0.0390526 -0.38567 -0.322782 -0.578345 -0.440977
internal_weight=576 566 375 210 165 41 53 157 123 29 191 144 47 126
internal_count=576 566 375 210 165 41 53 157 123 29 191 144 47 126
is_linear=0
shrinkage=0.05


Tree=48
num_leaves=15
num_cat=0
split_feature=4 0 0 1 1 0 0 0 0 0 0 1 0 0
split_gain=14837.4 12760.5 15780.3 7021.23 5821.22 4144.3 2467.3 1669.17 2359.79 977.132 972.266 835.469 5083.53 2076.57
threshold=3.0956703811672841 7.5000000000000009 16.500000000000004 4.5000000000000009 4.5000000000000009 18.500000000000004 12.500000000000002 8.5000000000000018 14.500000000000002 21.500000000000004 10.500000000000002 4.5000000000000009 6.5000000000000009 5.5000000000000009
decision_type=2 2 2 2 2 2 2 2 2 2 2 2 2 2
left_child=1 11 3 7 -4 -6 -5 -3 10 -7 -9 12 -1 -13
right_child=-2 2 4 6 5 9 -8 8 -10 -11 -12 13 -14 -15
leaf_value=-0.4189284382831483 1.9091774702072144 0.13813999059299628 -0.40098530491513595 -0.38474126930894526 1.0677366770803929 0.20674501455882011 0.30061224922537805 0.55644382447418239 0.28781406498130629 -0.38254706064860028 0.87698325199493476 -0.35482460004942762 0.47935306777556735 -1.1170219977696738
leaf_weight=126 9.9999999999999982 18 124 29 11.999999999999998 17.000000000000004 24 36 34 11.999999999999998 69 35 18 11.999999999999998
leaf_count=126 10 18 124 29 12 17 24 36 34 12 69 35 18 12
internal_value=3.19237e-09 -0.033731 0.135701 0.423206 -0.230214 0.286267 -0.0743925 0.591185 0.649853 -0.0371 0.767084 -0.366386 -0.306643 -0.549428
internal_weight=576 566 375 210 165 41 53 157 139 29 105 191 144 47
internal_count=576 566 375 210 165 41 53 157 139 29 105 191 144 47
is_linear=0
shrinkage=0.05


Tree=49
num_leaves=15
num_cat=0
split_feature=4 0 0 1 5 0 3 0 0 1 0 0 4 1
split_gain=13390.8 11516.3 14328.2 6991.08 4611.69 2921.67 2633.41 1941.17 1376.45 754.011 4587.89 1874.1 824.544 741.628
threshold=3.0956703811672841 7.5000000000000009 15.500000000000002 4.5000000000000009 1.0000000180025095e-35 17.500000000000004 13.067746037621944 8.5000000000000018 19.500000000000004 4.5000000000000009 6.5000000000000009 5.5000000000000009 1.0000000180025095e-35 4.5000000000000009
decision_type=2 2 2 2 2 2 2 2 2 2 2 2 2 2
left_child=1 9 3 7 5 13 -5 -3 -6 10 12 -11 -1 -4
right_child=-2 2 4 6 8 -7 -8 -9 -10 11 -12 -13 -14 -15
leaf_value=-0.45842377774923754 1.8137186384201052 0.13123299088329077 -0.054704280982592279 0.58824033141136167 0.85429097384524821 -0.40456921396366624 -0.29571522118316756 0.68745686393536509 0.079958496310494176 -0.3370833694934845 0.45538541310363351 -1.0611709435780845 -0.12730807299199312 0.40079470922549565
leaf_weight=103 9.9999999999999982 18 35 10.999999999999998 12.000000000000002 118 36 122 10.999999999999998 35 18 11.999999999999998 23 11.999999999999998
leaf_count=103 10 18 35 11 12 118 36 122 11 35 18 12 23 12
internal_value=2.20656e-09 -0.0320445 0.128916 0.438807 -0.179326 -0.271784 -0.088832 0.615942 0.483958 -0.348067 -0.291311 -0.521957 -0.397982 0.0615933
internal_weight=576 566 375 187 188 165 47 140 23 191 144 47 126 47
internal_count=576 566 375 187 188 165 47 140 23 191 144 47 126 47
is_linear=0
shrinkage=0.05


Tree=50
num_leaves=15
num_cat=0
split_feature=4 0 0 1 5 0 3 3 0 0 1 3 1 0
split_gain=12085.2 10393.5 12931.2 6309.45 4162.05 2636.8 2376.65 1771.58 1242.25 1134.79 773.634 687.007 680.495 4140.57
threshold=3.0956703811672841 7.5000000000000009 15.500000000000002 4.5000000000000009 1.0000000180025095e-35 17.500000000000004 13.067746037621944 18.00744054544101 19.500000000000004 13.500000000000002 2.5000000000000004 15.478979884970919 4.5000000000000009 6.5000000000000009
decision_type=2 2 2 2 2 2 2 2 2 2 2 2 2 2
left_child=1 12 3 7 5 -4 -5 9 -6 10 11 -3 13 -1
right_child=-2 2 4 6 8 -7 -8 -9 -10 -11 -12 -13 -14 -15
leaf_value=-0.37808292588544273 1.7230326652526857 0.90878907065642511 0.058513664046025031 0.55882828452370381 0.81157643770178134 -0.384340766964133 -0.28092945975561939 0.31345449610879378 0.075960566780783917 0.46814925030750393 1.0500219504038493 0.49384054030690883 -0.49585894726692364 0.43261614110734731
leaf_weight=126 9.9999999999999982 19 47 10.999999999999998 12.000000000000002 118 36 42 10.999999999999998 34 24 21 47 18
leaf_count=126 10 19 47 11 12 118 36 42 11 34 24 21 47 18
internal_value=-4.11641e-09 -0.0304423 0.12247 0.416866 -0.170359 -0.258194 -0.0843904 0.585145 0.45976 0.701584 0.825596 0.690941 -0.330664 -0.276746
internal_weight=576 566 375 187 188 165 47 140 23 98 64 40 191 144
internal_count=576 566 375 187 188 165 47 140 23 98 64 40 191 144
is_linear=0
shrinkage=0.05


Tree=51
num_leaves=15
num_cat=0
split_feature=4 0 0 1 1 0 3 0 0 1 0 0 4 0
split_gain=10906.9 9380.12 11670.4 5694.28 3799.58 2361.07 2144.93 1650.06 1272.92 614.147 3736.86 1691.38 744.151 591.233
threshold=3.0956703811672841 7.5000000000000009 15.500000000000002 4.5000000000000009 4.5000000000000009 19.500000000000004 13.067746037621944 8.5000000000000018 16.500000000000004 4.5000000000000009 6.5000000000000009 5.5000000000000009 1.0000000180025095e-35 13.500000000000002
decision_type=2 2 2 2 2 2 2 2 2 2 2 2 2 2
left_child=1 9 3 7 8 -6 -5 -3 -4 10 12 -11 -1 -9
right_child=-2 2 4 6 5 -7 -8 13 -10 11 -12 -13 -14 -15
leaf_value=-0.41659845096393699 1.6368810796737669 0.10899862125515938 0.11412060461280978 0.53088690150867812 0.57441345552603407 -0.13451749993407208 -0.26688299305323099 0.690240022640633 -0.34724415458378294 -0.29543626546859741 0.41098532146877709 -0.98331943949063627 -0.10203852357099885 0.44474179300972649
leaf_weight=103 9.9999999999999982 18 17 10.999999999999998 24 23 36 88 124 35 18 11.999999999999998 23 34
leaf_count=103 10 18 17 11 24 23 36 88 124 35 18 12 23 34
internal_value=-1.08573e-09 -0.0289202 0.116347 0.396023 -0.161842 0.22749 -0.0801709 0.555888 -0.291619 -0.31413 -0.262908 -0.471066 -0.359179 0.621822
internal_weight=576 566 375 187 188 47 47 140 141 191 144 47 126 122
internal_count=576 566 375 187 188 47 47 140 141 191 144 47 126 122
is_linear=0
shrinkage=0.05


Tree=52
num_leaves=15
num_cat=0
split_feature=4 0 0 4 0 1 1 0 3 0 0 0 3 1
split_gain=10140.3 7788.86 10867.3 2916.6 1974.2 5823.11 3372.46 2482.51 1635.43 1257.26 731.335 731.75 630.262 649.129
threshold=1.045716535369644 7.5000000000000009 18.500000000000004 3.0956703811672841 15.500000000000002 4.5000000000000009 4.5000000000000009 12.500000000000002 18.00744054544101 13.500000000000002 11.500000000000002 12.500000000000002 20.403078443763466 4.5000000000000009
decision_type=2 2 2 2 2 2 2 2 2 2 2 2 2 2
left_child=1 12 4 -2 5 8 -6 -7 9 10 -3 -12 13 -1
right_child=3 2 -4 -5 6 7 -8 -9 -10 -11 11 -13 -14 -15
leaf_value=-0.28729370305663909 0.53868942080686499 0.56826125358541801 -0.32410944382926182 1.5550369644165041 -0.16983929398655892 -0.43601143205607384 0.62829569975535082 0.32204870854814849 0.2636446167056154 0.39161891429685058 1.1487973848978679 0.6913672374013593 -0.0051595577597618111 -0.51382609080700647
leaf_weight=128 24 24 112 9.9999999999999982 50 27 18 18 41 32 18 17 14.999999999999998 42
leaf_count=128 24 24 112 10 50 27 18 18 41 32 18 17 15 42
internal_value=2.50034e-09 -0.0525441 0.0839013 0.837615 0.270421 0.358394 0.0414317 -0.132787 0.525842 0.643974 0.780845 0.926617 -0.315847 -0.343261
internal_weight=576 542 357 34 245 177 68 45 132 91 59 35 185 170
internal_count=576 542 357 34 245 177 68 45 132 91 59 35 185 170
is_linear=0
shrinkage=0.05


Tree=53
num_leaves=15
num_cat=0
split_feature=4 0 0 4 3 1 3 0 0 0 0 1 0 0
split_gain=9151.63 7029.44 9807.78 2632.23 1794.71 2602.82 4891.77 2372.3 1566.45 902.525 841.552 836.226 666.203 660.405
threshold=1.045716535369644 7.5000000000000009 18.500000000000004 3.0956703811672841 10.760379853379254 4.5000000000000009 13.067746037621944 15.500000000000002 9.5000000000000018 13.500000000000002 11.500000000000002 4.5000000000000009 16.500000000000004 12.500000000000002
decision_type=2 2 2 2 2 2 2 2 2 2 2 2 2 2
left_child=1 -1 4 -2 11 7 -7 8 -6 10 -10 12 -3 -12
right_child=3 2 -4 -5 5 6 -8 -9 9 -11 13 -13 -14 -15
leaf_value=-0.30005459168875542 0.51175494603812699 0.17467884222666424 -0.30790397546432879 1.4772851133346558 0.21838208113397872 0.73528074771165852 -0.3249206347842975 -0.14156227690982634 0.51939804345369345 0.37828786085391869 1.0913575039969552 0.33461582546050733 -0.27854596436023715 0.65679886674179755
leaf_weight=185 24 11.999999999999998 112 9.9999999999999982 35 15.999999999999998 34 15.999999999999998 30 29 18 12.999999999999998 25 17
leaf_count=185 24 12 112 10 35 16 34 16 30 29 18 13 25 17
internal_value=-4.90763e-10 -0.0499169 0.0797062 0.795734 0.256899 0.325425 0.0143438 0.432694 0.50392 0.610237 0.713722 -0.0103499 -0.131554 0.880286
internal_weight=576 542 357 34 245 195 50 145 129 94 65 50 37 35
internal_count=576 542 357 34 245 195 50 145 129 94 65 50 37 35
is_linear=0
shrinkage=0.05


Tree=54
num_leaves=15
num_cat=0
split_feature=4 0 0 4 3 1 3 0 0 0 0 1 0 0
split_gain=8259.34 6344.07 8851.52 2375.59 1619.73 2349.04 4414.82 2141 1413.72 814.529 759.501 754.694 601.249 596.015
threshold=1.045716535369644 7.5000000000000009 18.500000000000004 3.0956703811672841 10.760379853379254 4.5000000000000009 13.067746037621944 15.500000000000002 9.5000000000000018 13.500000000000002 11.500000000000002 4.5000000000000009 16.500000000000004 12.500000000000002
decision_type=2 2 2 2 2 2 2 2 2 2 2 2 2 2
left_child=1 -1 4 -2 11 7 -7 8 -6 10 -10 12 -3 -12
right_child=3 2 -4 -5 5 6 -8 -9 9 -11 13 -13 -14 -15
leaf_value=-0.28505186450642511 0.48616719966133437 0.16594490210215251 -0.29250877645931078 1.4034208846092224 0.20746297785214016 0.69851671233773238 -0.30867460251731033 -0.13448416707105934 0.49342814356088643 0.35937346307368112 1.0367896344926624 0.31788503000369439 -0.26461866283416752 0.62395893699106053
leaf_weight=185 24 11.999999999999998 112 9.9999999999999982 35 15.999999999999998 34 15.999999999999998 30 29 18 12.999999999999998 25 17
leaf_count=185 24 12 112 10 35 16 34 16 30 29 18 13 25 17
internal_value=-1.13828e-10 -0.0474211 0.0757209 0.755948 0.244055 0.309154 0.0136266 0.41106 0.478724 0.579725 0.678036 -0.00983245 -0.124976 0.836272
internal_weight=576 542 357 34 245 195 50 145 129 94 65 50 37 35
internal_count=576 542 357 34 245 195 50 145 129 94 65 50 37 35
is_linear=0
shrinkage=0.05


Tree=55
num_leaves=15
num_cat=0
split_feature=4 0 0 4 3 1 3 0 3 0 1 5 3 1
split_gain=7454.06 5725.53 7988.5 2143.97 1461.81 2120.01 3984.37 1932.26 1294.65 848.875 685.62 595.636 568.812 585.839
threshold=1.045716535369644 7.5000000000000009 18.500000000000004 3.0956703811672841 10.760379853379254 4.5000000000000009 13.067746037621944 15.500000000000002 18.00744054544101 13.500000000000002 2.5000000000000004 1.0000000180025095e-35 20.403078443763466 4.5000000000000009
decision_type=2 2 2 2 2 2 2 2 2 2 2 2 2 2
left_child=1 12 4 -2 10 7 -7 8 9 -6 -3 -4 13 -1
right_child=3 2 11 -5 5 6 -8 -9 -10 -11 -12 -13 -14 -15
leaf_value=-0.24367369487881663 0.46185883854826293 -0.21821959750218825 -0.32322643231792547 1.3332498645782471 0.67178053643743874 0.66359087722375998 -0.29324087225558126 -0.12775995889678599 0.22272765040397646 0.34140479343718499 0.1547782039269805 0.015335288147131601 0.024353733435273171 -0.45887946174258282
leaf_weight=128 24 22 97 9.9999999999999982 59 15.999999999999998 34 15.999999999999998 41 29 28 14.999999999999998 14.999999999999998 42
leaf_count=128 24 22 97 10 59 16 34 16 41 29 28 15 15 42
internal_value=-4.34617e-10 -0.04505 0.0719349 0.71815 0.231852 0.293696 0.0129453 0.390507 0.454788 0.562907 -0.00934083 -0.277883 -0.270799 -0.296842
internal_weight=576 542 357 34 245 195 50 145 129 88 50 112 185 170
internal_count=576 542 357 34 245 195 50 145 129 88 50 112 185 170
is_linear=0
shrinkage=0.05


Tree=56
num_leaves=15
num_cat=0
split_feature=4 0 0 4 3 1 3 0 0 0 0 1 0 5
split_gain=6727.29 5167.29 7209.62 1934.93 1319.28 1913.31 3595.9 1743.86 1181.85 671.428 657.391 645.68 537.904 537.561
threshold=1.045716535369644 7.5000000000000009 18.500000000000004 3.0956703811672841 10.760379853379254 4.5000000000000009 13.067746037621944 15.500000000000002 9.5000000000000018 13.500000000000002 11.500000000000002 4.5000000000000009 12.500000000000002 1.0000000180025095e-35
decision_type=2 2 2 2 2 2 2 2 2 2 2 2 2 2
left_child=1 -1 4 -2 11 7 -7 8 -6 10 -10 -3 -12 -4
right_child=3 2 13 -5 5 6 -8 -9 9 -11 12 -13 -14 -15
leaf_value=-0.25725930645659167 0.43876590083042788 -0.11537739521748312 -0.30706511109913748 1.2665873456001284 0.18402892606598992 0.63041131421923646 -0.27857882686178476 -0.12137196157127619 0.44190349981033555 0.32433455591571742 0.95136112372080484 0.29425187477698694 0.55917196098495936 0.014568519790967306
leaf_weight=185 24 37 97 9.9999999999999982 35 15.999999999999998 34 15.999999999999998 30 29 18 12.999999999999998 17 14.999999999999998
leaf_count=185 24 37 97 10 35 16 34 16 30 29 18 13 17 15
internal_value=-2.13242e-09 -0.0427975 0.0683381 0.682243 0.220259 0.279011 0.012298 0.370981 0.432048 0.524396 0.613654 -0.00887379 0.760869 -0.263989
internal_weight=576 542 357 34 245 195 50 145 129 94 65 50 35 112
internal_count=576 542 357 34 245 195 50 145 129 94 65 50 35 112
is_linear=0
shrinkage=0.05


Tree=57
num_leaves=15
num_cat=0
split_feature=4 0 0 4 3 1 3 0 0 1 0 0 0 3
split_gain=6071.38 4663.48 6506.68 1746.28 1194.17 2302.19 2855.88 906.031 1236.9 874.494 828.232 642.416 806.402 513.353
threshold=1.045716535369644 7.5000000000000009 18.500000000000004 3.0956703811672841 11.245897754695987 4.5000000000000009 13.067746037621944 8.5000000000000018 14.500000000000002 4.5000000000000009 16.500000000000004 11.500000000000002 12.500000000000002 20.403078443763466
decision_type=2 2 2 2 2 2 2 2 2 2 2 2 2 2
left_child=1 13 4 -2 9 7 -7 -6 11 10 -3 -9 -13 -1
right_child=3 2 -4 -5 5 6 -8 8 -10 -11 -12 12 -14 -15
leaf_value=-0.26913710656301942 0.41682759796579677 0.17886664304468369 -0.25078971570889869 1.2032579672336579 0.048736369278695846 0.63254965745533509 -0.26464988856631172 0.37948845605900949 0.10112619513402815 0.33092157402459316 -0.25291052748417031 0.90379307137595299 0.47774407534763735 0.035999022523562116
leaf_weight=170 24 18 112 9.9999999999999982 18 11.999999999999998 34 47 23 17 29 18 29 14.999999999999998
leaf_count=170 24 18 112 10 18 12 34 47 23 17 29 18 29 15
internal_value=-2.77133e-10 -0.0406576 0.0649212 0.648131 0.209246 0.274887 -0.0305978 0.378978 0.429784 0.0236072 -0.0875491 0.5102 0.640912 -0.244396
internal_weight=576 542 357 34 245 181 46 135 117 64 47 94 47 185
internal_count=576 542 357 34 245 181 46 135 117 64 47 94 47 185
is_linear=0
shrinkage=0.05


Tree=58
num_leaves=15
num_cat=0
split_feature=4 0 0 4 3 1 0 0 0 0 1 5 3 1
split_gain=5479.42 4208.79 5872.28 1576.01 1080.25 1551.58 2995.66 1462.88 992.493 679.849 544.976 485.149 463.301 528.719
threshold=1.045716535369644 7.5000000000000009 18.500000000000004 3.0956703811672841 10.760379853379254 4.5000000000000009 14.500000000000002 15.500000000000002 8.5000000000000018 12.500000000000002 2.5000000000000004 1.0000000180025095e-35 20.403078443763466 4.5000000000000009
decision_type=2 2 2 2 2 2 2 2 2 2 2 2 2 2
left_child=1 12 4 -2 10 7 9 8 -6 -7 -3 -4 13 -1
right_child=3 2 11 -5 5 6 -8 -9 -10 -11 -12 -13 -14 -15
leaf_value=-0.20517019846593032 0.3959862238417069 -0.19478208503939889 -0.27917235567013632 1.1430950868129732 0.0462995492749744 -0.34070760971970032 0.70047063212841754 -0.11617714818567038 0.4465490407100669 0.1256186287511479 0.1377650068274566 0.026379581093788147 0.034199060102303828 -0.40961566698693092
leaf_weight=128 24 22 97 9.9999999999999982 18 27 11.999999999999998 15.999999999999998 111 10.999999999999998 28 14.999999999999998 14.999999999999998 42
leaf_count=128 24 22 97 10 18 27 12 16 111 11 28 15 15 42
internal_value=5.82723e-10 -0.0386248 0.0616752 0.615724 0.198784 0.251948 0.0117669 0.334769 0.3907 -0.205718 -0.00855571 -0.23825 -0.232177 -0.25568
internal_weight=576 542 357 34 245 195 50 145 129 38 50 112 185 170
internal_count=576 542 357 34 245 195 50 145 129 38 50 112 185 170
is_linear=0
shrinkage=0.05


Tree=59
num_leaves=15
num_cat=0
split_feature=4 0 0 4 3 1 3 0 0 1 0 0 5 0
split_gain=4945.17 3798.43 5299.73 1422.35 996.301 1871.92 2354.6 741.115 1040.33 734.196 715.16 589.499 437.847 431.876
threshold=1.045716535369644 7.5000000000000009 18.500000000000004 3.0956703811672841 11.245897754695987 4.5000000000000009 13.067746037621944 8.5000000000000018 14.500000000000002 4.5000000000000009 16.500000000000004 10.500000000000002 1.0000000180025095e-35 10.500000000000002
decision_type=2 2 2 2 2 2 2 2 2 2 2 2 2 2
left_child=1 -1 4 -2 9 7 -7 -6 11 10 -3 -9 -4 -8
right_child=3 2 12 -5 5 6 13 8 -10 -11 -12 -13 -14 -15
leaf_value=-0.22056769463762241 0.3761869087815285 0.16499423914485509 -0.26521373649233398 1.0859403070807456 0.043984580371114947 0.57547951713204382 -0.4173834450104657 0.29602759550599494 0.087198925018310558 0.30086718990522276 -0.23622821703039368 0.55661917875831335 0.025060601830482483 -0.06098141214426827
leaf_weight=185 24 18 97 9.9999999999999982 18 11.999999999999998 17 34 23 17 29 60 14.999999999999998 17
leaf_count=185 24 18 97 10 18 12 17 34 23 17 29 60 15 17
internal_value=9.18711e-10 -0.0366935 0.0585914 0.584938 0.188845 0.248801 -0.0266619 0.342662 0.388613 0.0192816 -0.0825686 0.462363 -0.226338 -0.239182
internal_weight=576 542 357 34 245 181 46 135 117 64 47 94 112 34
internal_count=576 542 357 34 245 181 46 135 117 64 47 94 112 34
is_linear=0
shrinkage=0.05


Tree=60
num_leaves=15
num_cat=0
split_feature=4 0 0 4 3 1 3 0 0 1 0 0 0 3
split_gain=4463.02 3428.08 4783.01 1283.67 899.161 1689.41 2125.03 668.856 938.899 662.612 645.432 536.607 727.778 418.129
threshold=1.045716535369644 7.5000000000000009 18.500000000000004 3.0956703811672841 11.245897754695987 4.5000000000000009 13.067746037621944 8.5000000000000018 14.500000000000002 4.5000000000000009 16.500000000000004 11.500000000000002 12.500000000000002 20.403078443763466
decision_type=2 2 2 2 2 2 2 2 2 2 2 2 2 2
left_child=1 13 4 -2 9 7 -7 -6 11 10 -3 -9 -13 -1
right_child=3 2 -4 -5 5 6 -8 8 -10 -11 -12 12 -14 -15
leaf_value=-0.23186785367920121 0.35737755720814074 0.15674452715449863 -0.21502082617288187 1.031643317937851 0.04178534117009905 0.54670553257068 -0.22722330658751377 0.31978126637479098 0.082838982019735427 0.28582381882211744 -0.22441680606069236 0.80844499799940328 0.40369845901069978 0.043517504632472996
leaf_weight=170 24 18 112 9.9999999999999982 18 11.999999999999998 34 47 23 17 29 18 29 14.999999999999998
leaf_count=170 24 18 112 10 18 12 34 47 23 17 29 18 29 15
internal_value=-2.19896e-11 -0.0348588 0.0556618 0.555691 0.179402 0.236361 -0.0253288 0.325529 0.369182 0.0183175 -0.0784401 0.439245 0.558708 -0.209539
internal_weight=576 542 357 34 245 181 46 135 117 64 47 94 47 185
internal_count=576 542 357 34 245 181 46 135 117 64 47 94 47 185
is_linear=0
shrinkage=0.05


Tree=61
num_leaves=15
num_cat=0
split_feature=4 0 0 4 4 3 0 1 3 1 0 1 0 5
split_gain=4033.99 3248.09 4475.23 1098.56 969.259 638.57 1119.14 1653.05 695.544 562.734 841.412 481.835 437.768 395.157
threshold=1.1965503698002307 7.5000000000000009 18.500000000000004 0.21025928915871575 3.0956703811672841 10.760379853379254 10.500000000000002 4.5000000000000009 14.185622046253 2.5000000000000004 8.5000000000000018 2.5000000000000004 11.500000000000002 1.0000000180025095e-35
decision_type=2 2 2 2 2 2 2 2 2 2 2 2 2 2
left_child=1 -1 3 5 -2 11 7 9 -8 10 -7 -3 -10 -4
right_child=4 2 13 -5 -6 6 8 -9 12 -11 -12 -13 -14 -15
leaf_value=-0.19835794874803817 0.3661114598313967 -0.19561836009933836 -0.2412020174690436 0.5318379610776901 0.98006115555763251 -0.34124544382095329 0.19698550220101751 -0.44055106374124686 0.26160726304515264 0.39229952482616204 0.22538060918450356 0.12121316255070269 0.6087621297155108 0.034558609450856842
leaf_weight=188 18.000000000000004 21 97 20 9.9999999999999982 10.000000000000002 81 14.999999999999998 15.999999999999998 17 19 28 21 14.999999999999998
leaf_count=188 18 21 97 20 10 10 81 15 16 17 19 28 21 15
internal_value=-2.01508e-09 -0.0299099 0.0580574 0.176528 0.585379 0.14536 0.189141 0.0152558 0.27903 0.163888 0.0299923 -0.0145718 0.458641 -0.20427
internal_weight=576 548 360 248 28 228 179 61 118 46 29 49 37 112
internal_count=576 548 360 248 28 228 179 61 118 46 29 49 37 112
is_linear=0
shrinkage=0.05


Tree=62
num_leaves=15
num_cat=0
split_feature=4 0 0 4 3 1 0 1 3 0 0 3 1 0
split_gain=3647.06 2791.62 3893.88 1041.57 748.155 1701.45 1616.52 781.932 631.697 1018.72 487.013 377.361 477.169 2904
threshold=1.045716535369644 7.5000000000000009 18.500000000000004 3.0956703811672841 11.39930288199972 4.5000000000000009 12.500000000000002 4.5000000000000009 18.00744054544101 14.500000000000002 16.500000000000004 20.403078443763466 4.5000000000000009 6.5000000000000009
decision_type=2 2 2 2 2 2 2 2 2 2 2 2 2 2
left_child=1 11 4 -2 7 8 -7 10 9 -6 -3 12 13 -1
right_child=3 2 -4 -5 5 6 -8 -9 -10 -11 -12 -13 -14 -15
leaf_value=-0.24244496647794933 0.32369525991380216 0.099678388610482227 -0.19405630279798061 0.93105808138847357 0.47455742538407231 -0.29340304748879537 0.31831195503473286 0.30559951402246954 0.14497344253993616 0.076830644266945983 -0.21229325060186716 0.051259528001149496 -0.35659520963118196 0.54596570493796703
leaf_weight=115 24 22 112 9.9999999999999982 69 27 18 18 41 21 29 14.999999999999998 42 12.999999999999998
leaf_count=115 24 22 112 10 69 27 18 18 41 21 29 15 42 13
internal_value=-4.4925e-10 -0.0315116 0.0501749 0.502331 0.161824 0.216532 -0.048717 0.0222784 0.307647 0.381755 -0.0777172 -0.189144 -0.210357 -0.162372
internal_weight=576 542 357 34 245 176 45 69 131 90 51 185 170 128
internal_count=576 542 357 34 245 176 45 69 131 90 51 185 170 128
is_linear=0
shrinkage=0.05


Tree=63
num_leaves=15
num_cat=0
split_feature=4 0 0 4 4 3 0 1 3 1 0 1 0 5
split_gain=3295.35 2657.24 3649.26 997.307 786.036 515.773 948.018 1356.98 604.295 516.088 735.101 403.907 367.184 356.629
threshold=1.1965503698002307 7.5000000000000009 18.500000000000004 0.21025928915871575 3.0956703811672841 10.760379853379254 10.500000000000002 4.5000000000000009 14.185622046253 2.5000000000000004 8.5000000000000018 2.5000000000000004 11.500000000000002 1.0000000180025095e-35
decision_type=2 2 2 2 2 2 2 2 2 2 2 2 2 2
left_child=1 -1 3 5 -2 11 7 9 -8 10 -7 -3 -10 -4
right_child=4 2 13 -5 -6 6 8 -9 12 -11 -12 -13 -14 -15
leaf_value=-0.17939200793650556 0.33162112134094862 -0.17967951560304279 -0.2194391054744573 0.49805320888757709 0.88450517416000363 -0.33143184840679157 0.1754207745562365 -0.40385336617628731 0.23885830584913492 0.3625277841792387 0.19818965071126035 0.11040211266704969 0.55679663135891866 0.042533497599263989
leaf_weight=188 18.000000000000004 21 97 20 9.9999999999999982 10.000000000000002 81 14.999999999999998 15.999999999999998 17 19 28 21 14.999999999999998
leaf_count=188 18 21 97 20 10 10 81 15 16 17 19 28 21 15
internal_value=-2.1173e-09 -0.0270333 0.0525318 0.159512 0.52908 0.129816 0.169162 0.00912224 0.251894 0.143788 0.0155615 -0.0139186 0.41931 -0.184353
internal_weight=576 548 360 248 28 228 179 61 118 46 29 49 37 112
internal_count=576 548 360 248 28 228 179 61 118 46 29 49 37 112
is_linear=0
shrinkage=0.05


Tree=64
num_leaves=15
num_cat=0
split_feature=4 0 0 4 4 3 0 1 3 1 0 1 3 1
split_gain=2979.33 2272.92 3169.98 845.434 673.64 465.486 855.587 1224.67 545.377 465.769 663.428 364.526 340.569 430.645
threshold=1.045716535369644 7.5000000000000009 18.500000000000004 3.0956703811672841 0.21025928915871575 10.760379853379254 10.500000000000002 4.5000000000000009 14.185622046253 2.5000000000000004 8.5000000000000018 2.5000000000000004 20.403078443763466 4.5000000000000009
decision_type=2 2 2 2 2 2 2 2 2 2 2 2 2 2
left_child=1 12 4 -2 5 11 7 9 -8 10 -7 -3 13 -1
right_child=3 2 -4 -5 -6 6 8 -9 -10 -11 -12 -13 -14 -15
leaf_value=-0.14528380757255946 0.29308306914754212 -0.17069554107174989 -0.1751358117840677 0.8402799248695374 0.44959336554302887 -0.31486025750637042 0.16664973626166216 -0.38366070285439496 0.39834430403000604 0.34440140128135682 0.18828016786198867 0.1048820004931518 0.057666132847468056 -0.32979584967806225
leaf_weight=128 24 21 112 9.9999999999999982 17 10.000000000000002 81 14.999999999999998 37 17 19 28 14.999999999999998 42
leaf_count=128 24 21 112 10 17 10 81 15 37 17 19 28 15 42
internal_value=-7.45685e-10 -0.0284812 0.0452268 0.454023 0.145964 0.123325 0.160704 0.00866613 0.2393 0.136599 0.0147835 -0.0132227 -0.170718 -0.190869
internal_weight=576 542 357 34 245 228 179 61 118 46 29 49 185 170
internal_count=576 542 357 34 245 228 179 61 118 46 29 49 185 170
is_linear=0
shrinkage=0.05


Tree=65
num_leaves=15
num_cat=0
split_feature=4 0 0 1 5 0 4 0 0 3 0 0 1 0
split_gain=2692.03 2174.4 3027.77 1817.1 1475.09 727.292 637.417 607.037 515.747 602.343 437.797 412.597 375.524 394.233
threshold=1.1965503698002307 7.5000000000000009 15.500000000000002 4.5000000000000009 1.0000000180025095e-35 12.500000000000002 3.0956703811672841 10.500000000000002 12.500000000000002 15.478979884970919 17.500000000000004 19.500000000000004 2.5000000000000004 8.5000000000000018
decision_type=2 2 2 2 2 2 2 2 2 2 2 2 2 2
left_child=1 -1 3 7 10 -5 -2 12 9 -9 -4 -6 13 -3
right_child=6 2 4 5 11 -7 -8 8 -10 -11 -12 -13 -14 -15
leaf_value=-0.16225658126294296 0.30038591424624123 -0.19624007398431953 -0.017426644348435934 -0.23800243745957103 0.50770073993639497 0.16936675735438866 0.79826592922210704 0.79128284408495952 0.27236278362572197 0.34463546242978843 -0.20160835894445578 0.063942850679159169 0.31835337955327264 0.17326083765143441
leaf_weight=188 18.000000000000004 10.999999999999998 45 28 11.000000000000002 18 9.9999999999999982 13.000000000000002 50 18 114 9.9999999999999982 21 21
leaf_count=188 18 11 45 28 11 18 10 13 50 18 114 10 21 21
internal_value=-2.06411e-09 -0.0244336 0.0475406 0.192545 -0.0974634 -0.0785971 0.4782 0.285623 0.371707 0.531939 -0.149481 0.296387 0.154061 0.0462449
internal_weight=576 548 360 180 180 46 28 134 81 31 159 21 53 32
internal_count=576 548 360 180 180 46 28 134 81 31 159 21 53 32
is_linear=0
shrinkage=0.05


Tree=66
num_leaves=15
num_cat=0
split_feature=4 0 0 4 4 3 1 0 1 0 0 0 0 0
split_gain=2451.29 1847.45 2602.99 680.447 598.066 376.273 1117.45 1485.12 655.399 568.78 759.064 423.378 417.363 405.43
threshold=1.045716535369644 7.5000000000000009 18.500000000000004 3.0956703811672841 0.21025928915871575 11.39930288199972 4.5000000000000009 12.500000000000002 4.5000000000000009 8.5000000000000018 14.500000000000002 16.500000000000004 11.500000000000002 12.500000000000002
decision_type=2 2 2 2 2 2 2 2 2 2 2 2 2 2
left_child=1 -1 4 -2 5 8 9 -8 11 -7 12 -3 -11 -14
right_child=3 2 -4 -5 -6 6 7 -9 -10 10 -12 -13 13 -15
leaf_value=-0.15406891719916382 0.26744372211396694 0.083047495477578864 -0.15906738391744771 0.75835262775421153 0.41799377242431923 -0.056378018458684287 -0.32652512316902482 0.27427963349554274 0.27075551549593607 0.22352696579127085 -0.021790256185664072 -0.21006116925605706 0.63500063454403599 0.32098521762169324
leaf_weight=185 24 22 112 9.9999999999999982 17 14.999999999999998 24 18 18 42 18 28 17 26
leaf_count=185 24 22 112 10 17 15 24 18 18 42 18 28 17 26
internal_value=-1.62076e-09 -0.0258343 0.0406179 0.411829 0.131903 0.110571 0.152446 -0.0690374 0.0120431 0.231279 0.27317 -0.0810934 0.335632 0.445131
internal_weight=576 542 357 34 245 228 160 42 68 118 103 50 85 43
internal_count=576 542 357 34 245 228 160 42 68 118 103 50 85 43
is_linear=0
shrinkage=0.05


Tree=67
num_leaves=15
num_cat=0
split_feature=4 0 0 4 4 3 1 0 1 0 0 0 0 0
split_gain=2212.29 1667.33 2349.2 614.103 539.755 339.587 1008.5 1340.32 591.498 513.324 685.055 382.098 376.67 365.901
threshold=1.045716535369644 7.5000000000000009 18.500000000000004 3.0956703811672841 0.21025928915871575 11.39930288199972 4.5000000000000009 12.500000000000002 4.5000000000000009 8.5000000000000018 14.500000000000002 16.500000000000004 11.500000000000002 12.500000000000002
decision_type=2 2 2 2 2 2 2 2 2 2 2 2 2 2
left_child=1 -1 4 -2 5 8 9 -8 11 -7 12 -3 -11 -14
right_child=3 2 -4 -5 -6 6 7 -9 -10 10 -12 -13 13 -15
leaf_value=-0.14636547236426456 0.25407154274483523 0.078895123844796966 -0.15111400828172919 0.72043501853942882 0.39709409238661042 -0.053559112499157596 -0.31019887390236062 0.26056564905577234 0.25721773902575173 0.21235061685244241 -0.020700742262932989 -0.19955811862434661 0.60325061643824862 0.30493595084318748
leaf_weight=185 24 22 112 9.9999999999999982 17 14.999999999999998 24 18 18 42 18 28 17 26
leaf_count=185 24 22 112 10 17 15 24 18 18 42 18 28 17 26
internal_value=-9.93572e-11 -0.0245426 0.038587 0.391237 0.125307 0.105043 0.144823 -0.0655855 0.011441 0.219715 0.259512 -0.0770387 0.318851 0.422874
internal_weight=576 542 357 34 245 228 160 42 68 118 103 50 85 43
internal_count=576 542 357 34 245 228 160 42 68 118 103 50 85 43
is_linear=0
shrinkage=0.05


Tree=68
num_leaves=15
num_cat=0
split_feature=4 0 0 1 3 4 3 1 0 3 1 0 1 3
split_gain=1996.59 1504.76 2120.15 567.191 787.323 487.129 307.363 388.657 2620.86 2255.93 406.666 307.345 837.716 740.761
threshold=1.045716535369644 7.5000000000000009 18.500000000000004 1.5000000000000002 15.215222095856754 0.21025928915871575 20.403078443763466 4.5000000000000009 6.5000000000000009 19.011864033485775 2.5000000000000004 10.500000000000002 4.5000000000000009 14.17275389614271
decision_type=2 2 2 2 2 2 2 2 2 2 2 2 2 2
left_child=1 6 5 -2 -5 11 7 8 10 -9 -1 12 -3 -13
right_child=3 2 -4 4 -6 -7 -8 9 -10 -11 -12 13 -14 -15
leaf_value=-0.12096755911872999 0.095162178575992587 0.10954633955641285 -0.14355830453070148 0.79555230339368166 0.19483896136283874 0.37723939456730426 0.077917393843332933 -0.058411516100168231 0.55803573865156908 -0.8695714672406516 -0.317272046617255 0.076748535760270908 -0.32074133108059566 0.32565140158702166
leaf_weight=74 11.999999999999998 46 112 12.000000000000002 9.9999999999999982 17 14.999999999999998 30 12.999999999999998 11.999999999999998 41 128 14.999999999999998 39
leaf_count=74 12 46 112 12 10 17 15 30 13 12 41 128 15 39
internal_value=1.77812e-09 -0.0233154 0.0366576 0.371675 0.522501 0.119042 -0.139047 -0.158191 -0.114885 -0.290172 -0.190954 0.0997905 0.0037379 0.134876
internal_weight=576 542 357 34 22 245 185 170 128 42 115 228 61 167
internal_count=576 542 357 34 22 245 185 170 128 42 115 228 61 167
is_linear=0
shrinkage=0.05


Tree=69
num_leaves=15
num_cat=0
split_feature=4 0 0 1 5 0 4 3 0 0 1 3 3 1
split_gain=1801.93 1358.05 1929.74 1394.89 1298.69 566.936 522.17 485.65 323.015 296.743 468.894 655.827 277.395 350.763
threshold=1.045716535369644 7.5000000000000009 15.500000000000002 4.5000000000000009 1.0000000180025095e-35 12.500000000000002 3.0956703811672841 18.00744054544101 19.500000000000004 13.500000000000002 2.5000000000000004 15.478979884970919 20.403078443763466 4.5000000000000009
decision_type=2 2 2 2 2 2 2 2 2 2 2 2 2 2
left_child=1 12 3 7 -4 -5 -2 9 -6 10 11 -3 13 -1
right_child=6 2 4 5 8 -7 -8 -9 -10 -11 -12 -13 -14 -15
leaf_value=-0.10914081772480132 0.22660901794830957 0.45849419716331696 -0.12925904895524559 -0.23325173267059857 0.47607308924198133 0.12901229110235971 0.6566499209403992 0.091127330273753263 0.083432696163654341 0.17578287371507031 0.53509748478730523 0.025444392125834436 0.074021507104237869 -0.27566292757789296
leaf_weight=128 24 18 159 27 11.000000000000002 18 9.9999999999999982 41 9.9999999999999982 32 24 17 14.999999999999998 42
leaf_count=128 24 18 159 27 11 18 10 41 10 32 24 17 15 42
internal_value=-7.17167e-10 -0.0221497 0.0348247 0.152054 -0.0804503 -0.0883461 0.353092 0.234008 0.289101 0.298383 0.364878 0.248156 -0.132095 -0.150282
internal_weight=576 542 357 177 180 45 34 132 21 91 59 35 185 170
internal_count=576 542 357 177 180 45 34 132 21 91 59 35 185 170
is_linear=0
shrinkage=0.05


Tree=70
num_leaves=15
num_cat=0
split_feature=5 0 0 4 1 0 0 0 0 0 0 3 3 3
split_gain=1655.96 1295.62 2769.58 1129 656.802 848.243 828.884 404.508 451.482 406.67 314.549 552.34 446.564 445.421
threshold=1.0000000180025095e-35 17.500000000000004 7.5000000000000009 0.21025928915871575 4.5000000000000009 16.500000000000004 12.500000000000002 8.5000000000000018 13.500000000000002 11.500000000000002 20.500000000000004 11.090292461693183 11.862027600916852 12.281737692523359
decision_type=2 2 2 2 2 2 2 2 2 2 2 2 2 2
left_child=1 2 -1 4 5 7 -6 -4 9 -9 -3 -12 -13 -14
right_child=-2 10 3 -5 6 -7 -8 8 -10 -11 11 12 13 -15
leaf_value=-0.11884822718566285 0.40658142827451232 -0.25251439020589544 -0.060914853538076089 0.39838497340679169 -0.27755348707238831 -0.21219233671824136 0.11667447246611118 0.18461361480156138 0.088843052084040308 0.41722663461285481 0.2170406922698021 -0.4269802269836267 0.21015100881457327 -0.17214952073991299
leaf_weight=192 24 54 14.999999999999998 35 24 14.999999999999998 30 42 45 34 11.999999999999998 11.999999999999998 9.9999999999999982 32
leaf_count=192 24 54 15 35 24 15 30 42 45 34 12 12 10 32
internal_value=6.53624e-11 -0.0176775 0.0226953 0.13593 0.0911208 0.144641 -0.058538 0.183998 0.214359 0.288677 -0.163019 -0.0897962 -0.157982 -0.0811256
internal_weight=576 552 432 240 205 151 54 136 121 76 120 66 54 42
internal_count=576 552 432 240 205 151 54 136 121 76 120 66 54 42
is_linear=0
shrinkage=0.05


Tree=71
num_leaves=15
num_cat=0
split_feature=4 0 0 1 3 4 3 1 0 3 1 3 3 1
split_gain=1533.58 1103.65 1660.37 481.22 687.662 386.584 250.349 316.564 2365.32 2035.98 367.016 303.71 598.096 325.501
threshold=1.045716535369644 7.5000000000000009 18.500000000000004 1.5000000000000002 15.215222095856754 0.21025928915871575 20.403078443763466 4.5000000000000009 6.5000000000000009 19.011864033485775 2.5000000000000004 16.551833283253156 18.400571201056788 1.0000000180025095e-35
decision_type=2 2 2 2 2 2 2 2 2 2 2 2 2 2
left_child=1 6 5 -2 -5 -3 7 8 10 -9 11 -1 -13 -14
right_child=3 2 -4 4 -6 -7 -8 9 -10 -11 -12 12 13 -15
leaf_value=-0.26444046156746998 0.071043939888477334 0.086683752353450189 -0.12855488944000432 0.71985129515329982 0.15844383716583255 0.33384662533507631 0.076262863477071133 -0.035765386770168939 0.54153341860152204 -0.80636734962463386 -0.29000899684501857 0.24058182026658739 0.076279537876447048 -0.23669298423661128
leaf_weight=21 11.999999999999998 228 112 12.000000000000002 9.9999999999999982 17 14.999999999999998 30 12.999999999999998 11.999999999999998 41 13.999999999999998 11.999999999999998 27
leaf_count=21 12 228 112 12 10 17 15 30 13 12 41 14 12 27
internal_value=2.39298e-10 -0.0204339 0.0309276 0.325741 0.464666 0.103834 -0.119548 -0.136825 -0.0977414 -0.255937 -0.170007 -0.10352 -0.0397587 -0.140394
internal_weight=576 542 357 34 22 245 185 170 128 42 115 74 53 39
internal_count=576 542 357 34 22 245 185 170 128 42 115 74 53 39
is_linear=0
shrinkage=0.05


Tree=72
num_leaves=15
num_cat=0
split_feature=5 0 0 3 4 1 0 0 1 0 0 0 3 3
split_gain=1482.42 1110.96 2290.7 897.196 550.808 484.885 2787.78 2315.74 1502.04 820.858 812.834 388.61 350.447 382.138
threshold=1.0000000180025095e-35 17.500000000000004 10.500000000000002 14.185622046253 0.4750435444172133 4.5000000000000009 6.5000000000000009 6.5000000000000009 2.5000000000000004 8.5000000000000018 8.5000000000000018 4.5000000000000009 20.148697455470259 16.383838007770553
decision_type=2 2 2 2 2 2 2 2 2 2 2 2 2 2
left_child=1 2 5 4 -4 7 11 12 -9 -10 -8 -7 13 -1
right_child=-2 -3 3 -5 -6 6 10 8 9 -11 -12 -13 -14 -15
leaf_value=-0.27361712558194995 0.38468707076584302 -0.15131170107051731 0.056514631253149775 0.34505760137523928 0.42790898084640505 -0.039100363006194433 -0.90941548496484725 0.011961077323014086 0.75114323220082679 0.20969728018556322 -0.3274525948489706 0.29756646951039634 -0.3724716291708105 -0.068040865292022759
leaf_weight=32 24 120 108 49 10.999999999999998 30 12.000000000000002 44 14.000000000000002 13.999999999999998 11.999999999999998 11.999999999999998 17 77
leaf_count=32 24 120 108 49 11 30 12 44 14 14 12 12 17 77
internal_value=-1.69837e-09 -0.0167255 0.0206595 0.16499 0.0908452 -0.0711875 -0.188555 -0.0320649 0.19414 0.48042 -0.618434 0.0570902 -0.161325 -0.128394
internal_weight=576 552 432 168 119 264 66 198 72 28 24 42 126 109
internal_count=576 552 432 168 119 264 66 198 72 28 24 42 126 109
is_linear=0
shrinkage=0.05


Tree=73
num_leaves=15
num_cat=0
split_feature=5 0 0 4 1 0 0 4 0 0 3 0 0 3
split_gain=1337.88 1002.64 2076.92 638.555 602.749 923.399 787.206 379.857 300.531 492.383 269.638 265.361 220.185 215.142
threshold=1.0000000180025095e-35 17.500000000000004 8.5000000000000018 0.21025928915871575 4.5000000000000009 14.500000000000002 12.500000000000002 0.052937240446585383 20.500000000000004 21.500000000000004 16.718989008271205 16.500000000000004 19.500000000000004 12.592961046451064
decision_type=2 2 2 2 2 2 2 2 2 2 2 2 2 2
left_child=1 2 7 4 5 -4 -6 -1 -3 -10 -5 -7 -2 -8
right_child=12 8 3 10 6 11 13 -9 9 -11 -12 -13 -14 -15
leaf_value=-0.11965867875143886 0.51689875920613593 -0.23122410539675645 0.23985810857880249 0.44863287627696985 -0.3081153119865217 0.048823586801687878 0.0085202321410179135 0.058259042062693167 0.15084170003732045 -0.15580380026561519 0.14043491428548641 -0.20874264438947043 0.21400669409583012 0.29255930468440056
leaf_weight=180 12.000000000000002 54 91 20.000000000000004 19 30 20.000000000000004 36 18 48 10.999999999999998 14.999999999999998 11.999999999999998 9.9999999999999982
leaf_count=180 12 54 91 20 19 30 20 36 18 48 11 15 12 10
internal_value=-9.74655e-10 -0.0158893 0.0196265 0.129259 0.0940674 0.14824 -0.0562897 -0.0900057 -0.143746 -0.0721732 0.339272 -0.0370318 0.365453 0.1032
internal_weight=576 552 432 216 185 136 49 216 120 66 31 45 24 30
internal_count=576 552 432 216 185 136 49 216 120 66 31 45 24 30
is_linear=0
shrinkage=0.05


Tree=74
num_leaves=15
num_cat=0
split_feature=4 0 0 5 1 0 3 3 0 3 3 3 1 0
split_gain=1276.04 980.615 1304.48 1306.14 719.726 377.698 347.731 283.304 241.764 225.477 359.316 281.085 200.648 888.61
threshold=3.0956703811672841 7.5000000000000009 15.500000000000002 1.0000000180025095e-35 4.5000000000000009 19.500000000000004 18.00744054544101 13.067746037621944 17.500000000000004 11.862027600916852 12.855071411789764 11.200945514815851 3.5000000000000004 6.5000000000000009
decision_type=2 2 2 2 2 2 2 2 2 2 2 2 2 2
left_child=1 12 4 8 6 -5 -3 -6 -4 11 -11 -10 13 -1
right_child=-2 2 3 5 7 -7 -8 -9 9 10 -12 -13 -14 -15
leaf_value=-0.11411578064695711 0.55988433599472054 0.2390035509911119 -0.009235150256055466 0.49105381021896988 0.18336114179004323 0.085433922843499627 0.067047163631234849 -0.10657170944743687 -0.14770227501104619 0.10997589840308618 -0.17608030633284497 -0.39052576760451002 -0.16873291437055027 0.29729518214861556
leaf_weight=105 9.9999999999999982 98 47 12.000000000000002 10.999999999999998 10.999999999999998 42 36 58 19 26 14.999999999999998 71 14.999999999999998
leaf_count=105 10 98 47 12 11 11 42 36 58 19 26 15 71 15
internal_value=-7.89361e-10 -0.00989195 0.0370771 -0.0559298 0.130581 0.297062 0.187417 -0.0387151 -0.105135 -0.143332 -0.055301 -0.197598 -0.102109 -0.0626894
internal_weight=576 566 375 188 187 23 140 47 165 118 45 73 191 120
internal_count=576 566 375 188 187 23 140 47 165 118 45 73 191 120
is_linear=0
shrinkage=0.05


Tree=75
num_leaves=15
num_cat=0
split_feature=4 0 0 1 3 4 3 3 3 3 3 3 1 0
split_gain=1157.78 739.228 1173.99 411.915 554.84 295.623 230.182 430.196 344.734 243.223 211.44 299.182 1158.72 1125.22
threshold=1.045716535369644 7.5000000000000009 18.500000000000004 1.5000000000000002 15.215222095856754 0.21025928915871575 11.862027600916852 12.281737692523359 13.325732870588988 11.014154680483708 20.403078443763466 18.346834807767447 4.5000000000000009 5.5000000000000009
decision_type=2 2 2 2 2 2 2 2 2 2 2 2 2 2
left_child=1 10 5 -2 -5 -3 9 -8 -9 -4 11 -1 -13 -14
right_child=3 2 6 4 -6 -7 7 8 -10 -11 -12 12 13 -15
leaf_value=-0.047633547486648678 0.047386945784091951 0.070587721679425036 -0.093081551932153256 0.64078259865442899 0.13649906814098359 0.28672514172161329 0.23459217933317028 -0.32831961239377661 0.010666054338216782 -0.28766944680649503 0.081081188519795733 -0.079273228460189082 -0.13866752069443461 -0.88874062538146981
leaf_weight=84 11.999999999999998 228 42 12.000000000000002 9.9999999999999982 17 11.999999999999998 11.999999999999998 20 26 14.999999999999998 66 10.000000000000002 9.9999999999999982
leaf_count=84 12 228 42 12 10 17 12 12 20 26 15 66 10 10
internal_value=-7.66401e-10 -0.0177547 0.0242804 0.28303 0.411563 0.085585 -0.109824 -0.0207138 -0.116454 -0.167483 -0.0988709 -0.114749 -0.180304 -0.513704
internal_weight=576 542 357 34 22 245 112 44 32 68 185 170 86 20
internal_count=576 542 357 34 22 245 112 44 32 68 185 170 86 20
is_linear=0
shrinkage=0.05


Tree=76
num_leaves=15
num_cat=0
split_feature=5 0 0 3 4 1 0 0 1 0 0 0 3 3
split_gain=1099.04 779.244 1611.37 747.973 393.315 346.397 2493.69 1774.15 1377.86 798.016 681.733 372.661 321.341 348.039
threshold=1.0000000180025095e-35 17.500000000000004 10.500000000000002 14.185622046253 0.4750435444172133 4.5000000000000009 6.5000000000000009 6.5000000000000009 2.5000000000000004 8.5000000000000018 8.5000000000000018 4.5000000000000009 20.148697455470259 16.383838007770553
decision_type=2 2 2 2 2 2 2 2 2 2 2 2 2 2
left_child=1 2 5 4 -4 7 11 12 -9 -10 -8 -7 13 -1
right_child=-2 -3 3 -5 -6 6 10 8 9 -11 -12 -13 -14 -15
leaf_value=-0.24725562748499216 0.33123000804334879 -0.12711802241702874 0.041251731319008056 0.30237320126319422 0.35508972677317535 -0.021193722089131672 -0.83238261317213347 -0.0035488380119204524 0.71205738016537246 0.17819823111806599 -0.29941405852635705 0.30849239230155945 -0.34238536743556752 -0.051065635197348413
leaf_weight=32 24 120 108 49 10.999999999999998 30 12.000000000000002 44 14.000000000000002 13.999999999999998 11.999999999999998 11.999999999999998 17 77
leaf_count=32 24 120 108 49 11 30 12 44 14 14 12 12 17 77
internal_value=-3.89345e-10 -0.0144013 0.0169089 0.137961 0.070262 -0.0601243 -0.159325 -0.0270574 0.170937 0.445128 -0.565898 0.0730023 -0.140197 -0.108663
internal_weight=576 552 432 168 119 264 66 198 72 28 24 42 126 109
internal_count=576 552 432 168 119 264 66 198 72 28 24 42 126 109
is_linear=0
shrinkage=0.05


Tree=77
num_leaves=15
num_cat=0
split_feature=4 0 0 5 1 0 3 3 3 3 3 1 0 3
split_gain=1011.21 731.347 1028.11 1055.22 573.169 331.671 322.041 241.207 229.046 647.24 254.377 182.581 511.735 313.535
threshold=3.0956703811672841 7.5000000000000009 15.500000000000002 1.0000000180025095e-35 4.5000000000000009 19.500000000000004 18.00744054544101 13.067746037621944 11.862027600916852 12.855071411789764 9.6583129270730641 2.5000000000000004 12.500000000000002 15.478979884970919
decision_type=2 2 2 2 2 2 2 2 2 2 2 2 2 2
left_child=1 -1 4 8 6 -5 11 -6 10 -10 -4 13 -13 -3
right_child=-2 2 3 5 7 -7 -8 -9 9 -11 -12 12 -14 -15
leaf_value=-0.08844423666011289 0.49841087222099301 0.24411416813731193 0.0086580877304077153 0.44825498393426327 0.16860111572525718 0.068152366984974261 0.049648762104057137 -0.098925116440902156 0.20512161716109231 -0.16498916209847839 -0.17120344507629459 0.50444938531693295 0.13132478147745133 0.0055316661794980373
leaf_weight=191 9.9999999999999982 40 25 12.000000000000002 10.999999999999998 10.999999999999998 42 36 21 27 92 17 20 21
leaf_count=191 10 40 25 12 11 11 42 36 21 27 92 17 20 21
internal_value=3.10441e-10 -0.00880585 0.0317566 -0.0508121 0.114767 0.266467 0.165487 -0.0363126 -0.0950389 -0.0030657 -0.132771 0.215131 0.30276 0.161979
internal_weight=576 566 375 188 187 23 140 47 165 48 117 98 37 61
internal_count=576 566 375 188 187 23 140 47 165 48 117 98 37 61
is_linear=0
shrinkage=0.05


Tree=78
num_leaves=15
num_cat=0
split_feature=4 0 0 1 3 4 3 3 3 3 3 3 1 0
split_gain=943.101 544.861 917.739 348.33 463.802 247.175 208.015 353.457 335.009 208.025 185.781 275.428 1019.24 1027.39
threshold=1.045716535369644 7.5000000000000009 18.500000000000004 1.5000000000000002 15.215222095856754 0.21025928915871575 11.862027600916852 12.281737692523359 13.325732870588988 11.014154680483708 20.403078443763466 18.346834807767447 4.5000000000000009 6.5000000000000009
decision_type=2 2 2 2 2 2 2 2 2 2 2 2 2 2
left_child=1 10 5 -2 -5 -3 9 -8 -9 -4 11 -1 13 -13
right_child=3 2 6 4 -6 -7 7 8 -10 -11 -12 12 -14 -15
leaf_value=-0.036152103463453905 0.038751480480035148 0.060553271050581281 -0.084509779512882244 0.58321448564529399 0.12215492039918902 0.25818797805730037 0.21762331649661065 -0.30943225721518197 0.024738106019794943 -0.26446782092635451 0.083015380303064989 -0.15691424377939919 -0.47613864254206417 0.37242170680652964
leaf_weight=84 11.999999999999998 228 42 12.000000000000002 9.9999999999999982 17 11.999999999999998 11.999999999999998 20 26 14.999999999999998 55 20 10.999999999999998
leaf_count=84 12 228 42 12 10 17 12 12 20 26 15 55 20 11
internal_value=-8.64707e-10 -0.0160242 0.0200639 0.255445 0.373642 0.0742667 -0.0985046 -0.0137942 -0.100576 -0.153317 -0.0856647 -0.100548 -0.163447 -0.0686916
internal_weight=576 542 357 34 22 245 112 44 32 68 185 170 86 66
internal_count=576 542 357 34 22 245 112 44 32 68 185 170 86 66
is_linear=0
shrinkage=0.05


Tree=79
num_leaves=15
num_cat=0
split_feature=5 0 0 3 4 4 3 1 0 0 1 0 0 0
split_gain=904.21 627.625 1242.52 627.923 328.488 309.683 298.704 273.594 2376.98 1352.38 1673.91 862.437 662.931 287.331
threshold=1.0000000180025095e-35 17.500000000000004 10.500000000000002 14.185622046253 0.052937240446585383 0.4750435444172133 15.478979884970919 4.5000000000000009 6.5000000000000009 6.5000000000000009 2.5000000000000004 8.5000000000000018 8.5000000000000018 4.5000000000000009
decision_type=2 2 2 2 2 2 2 2 2 2 2 2 2 2
left_child=1 2 4 5 7 -4 -5 9 13 -1 -11 -12 -10 -9
right_child=-2 -3 3 6 -6 -7 -8 8 12 10 11 -13 -14 -15
leaf_value=-0.15402533383323597 0.30043966724382098 -0.11422096587717534 0.033564836580168317 0.4206308089196682 0.072105758689047603 0.31204477331855079 0.1694566986427225 -0.023867506384849552 -0.89787912120111268 -0.071567163099017408 0.76724273475507876 0.16778560876846316 -0.32214866638183598 0.28278478275645863
leaf_weight=104 24 120 108 20 44 10.999999999999998 29 25 10.000000000000002 36 12.000000000000002 11.999999999999998 9.9999999999999982 10.999999999999998
leaf_count=104 24 120 108 20 44 11 29 25 10 36 12 12 10 11
internal_value=-1.05202e-09 -0.0130626 0.015037 0.121335 -0.0526075 0.0593067 0.271977 -0.0775502 -0.17297 -0.0449678 0.144065 0.467514 -0.610014 0.0698318
internal_weight=576 552 432 168 264 119 49 220 56 164 60 24 20 36
internal_count=576 552 432 168 264 119 49 220 56 164 60 24 20 36
is_linear=0
shrinkage=0.05


Tree=80
num_leaves=15
num_cat=0
split_feature=5 0 0 0 4 1 0 4 0 3 3 3 1 3
split_gain=816.049 566.432 1121.37 579.901 597.913 355.606 337.05 296.46 270.587 457.899 309.959 295.494 267.982 266.148
threshold=1.0000000180025095e-35 17.500000000000004 10.500000000000002 15.500000000000002 0.21025928915871575 4.5000000000000009 13.500000000000002 0.052937240446585383 20.500000000000004 11.090292461693183 11.862027600916852 12.855071411789764 1.5000000000000002 13.592927960754505
decision_type=2 2 2 2 2 2 2 2 2 2 2 2 2 2
left_child=1 2 7 4 5 6 -4 -1 -3 -10 -11 -12 -8 -7
right_child=-2 8 3 -5 -6 13 12 -9 9 10 11 -13 -14 -15
leaf_value=-0.073672695308923716 0.28541768652697408 -0.19151558048195311 0.2679469833936956 -0.031611240406831102 0.43134570709968872 0.11070181985696155 0.23026614070404314 0.068500475847924305 0.23877972463766733 -0.32678883771101636 0.13041355069726707 -0.14268675139890269 -0.078341473726665278 -0.20521849046150842
leaf_weight=220 24 54 45 48 19 15.000000000000002 12.000000000000002 44 11.999999999999998 11.999999999999998 15.999999999999998 26 17 11.999999999999998
leaf_count=220 24 54 45 48 19 15 12 44 12 12 16 26 17 12
internal_value=3.70427e-10 -0.0124095 0.0142851 0.115269 0.174021 0.125613 0.182284 -0.0499772 -0.10851 -0.0405962 -0.10268 -0.0386485 0.0493582 -0.0297072
internal_weight=576 552 432 168 120 101 74 264 120 66 54 42 29 27
internal_count=576 552 432 168 120 101 74 264 120 66 54 42 29 27
is_linear=0
shrinkage=0.05


Tree=81
num_leaves=15
num_cat=0
split_feature=4 5 0 0 4 0 1 0 0 0 0 3 0 1
split_gain=756.795 517.472 489.373 934.84 354.154 291.548 279.901 545.489 542.85 324.793 270.914 280.329 311.513 285.28
threshold=3.0956703811672841 1.0000000180025095e-35 17.500000000000004 7.5000000000000009 0.21025928915871575 19.500000000000004 4.5000000000000009 16.500000000000004 14.500000000000002 8.5000000000000018 13.500000000000002 15.478979884970919 12.500000000000002 1.5000000000000002
decision_type=2 2 2 2 2 2 2 2 2 2 2 2 2 2
left_child=1 2 3 -1 6 -3 7 9 -8 -5 11 12 -11 -13
right_child=-2 5 -4 4 -6 -7 8 -9 -10 10 -12 13 -14 -15
leaf_value=-0.074525726613886067 0.4311774663068354 0.39511591220895442 -0.10754050281396042 -0.10154333670934042 0.2380951971843325 0.038745273243297233 -0.15838144611981181 -0.19979950706164043 0.17791271987888549 0.53574714227156195 0.047891398436493343 -0.02801840611630016 0.1942664316033616 0.22376617183287939
leaf_weight=191 9.9999999999999982 12.000000000000002 118 14.999999999999998 29 10.999999999999998 36 14.999999999999998 18 11.000000000000002 45 18 17 30
leaf_count=191 10 12 118 15 29 11 36 15 18 11 45 18 17 30
internal_value=2.36145e-10 -0.00761798 -0.0174574 0.00755392 0.0745506 0.224678 0.051415 0.0863535 -0.0462834 0.117914 0.14512 0.202689 0.32842 0.129347
internal_weight=576 566 543 425 234 23 205 151 54 136 121 76 28 48
internal_count=576 566 543 425 234 23 205 151 54 136 121 76 28 48
is_linear=0
shrinkage=0.05


Tree=82
num_leaves=15
num_cat=0
split_feature=4 5 0 0 4 0 1 0 0 0 0 3 0 1
split_gain=683.007 467.019 441.659 843.693 319.624 263.122 252.611 492.304 489.922 293.126 244.5 252.997 281.14 257.465
threshold=3.0956703811672841 1.0000000180025095e-35 17.500000000000004 7.5000000000000009 0.21025928915871575 19.500000000000004 4.5000000000000009 16.500000000000004 14.500000000000002 8.5000000000000018 13.500000000000002 15.478979884970919 12.500000000000002 1.5000000000000002
decision_type=2 2 2 2 2 2 2 2 2 2 2 2 2 2
left_child=1 2 3 -1 6 -3 7 9 -8 -5 11 12 -11 -13
right_child=-2 5 -4 4 -6 -7 8 -9 -10 10 -12 13 -14 -15
leaf_value=-0.070799441630732637 0.40961857557296755 0.37536011983950923 -0.10216347559086852 -0.096466166476408655 0.22619044246344733 0.036808013916015625 -0.15046237516734337 -0.18980953027804692 0.16901708427402709 0.50895978320728641 0.045496829748153694 -0.026617487685547937 0.1845531058662078 0.21257786631584166
leaf_weight=191 9.9999999999999982 12.000000000000002 118 14.999999999999998 29 10.999999999999998 36 14.999999999999998 18 11.000000000000002 45 18 17 30
leaf_count=191 10 12 118 15 29 11 36 15 18 11 45 18 17 30
internal_value=4.01956e-10 -0.00723708 -0.0165845 0.00717622 0.070823 0.213444 0.0488442 0.0820358 -0.0439692 0.112019 0.137864 0.192555 0.311999 0.12288
internal_weight=576 566 543 425 234 23 205 151 54 136 121 76 28 48
internal_count=576 566 543 425 234 23 205 151 54 136 121 76 28 48
is_linear=0
shrinkage=0.05


Tree=83
num_leaves=15
num_cat=0
split_feature=4 0 0 1 3 3 3 3 3 1 3 3 1 0
split_gain=618.949 342.998 615.786 325.897 205.636 296.371 164.083 158.223 262.098 502.328 389.305 375.628 544.504 472.35
threshold=1.045716535369644 7.5000000000000009 18.500000000000004 2.5000000000000004 11.862027600916852 12.855071411789764 11.200945514815851 20.403078443763466 19.744136950205114 1.5000000000000002 19.382417274038776 18.346834807767447 4.5000000000000009 2.5000000000000004
decision_type=2 2 2 2 2 2 2 2 2 2 2 2 2 2
left_child=1 7 -3 -2 6 -6 -4 8 10 -10 11 13 -13 -1
right_child=3 2 4 -5 5 -7 -8 -9 9 -11 -12 12 -14 -15
leaf_value=-0.083355718873666995 0.052141158107449029 0.060050915882979727 -0.089368937551975253 0.36174084719489602 0.15160433116712069 -0.11037501573562623 -0.26541851096683078 0.087431655327479041 0.011996282980992241 -0.40644172336906198 0.18697830226893228 -0.084034328625119975 -0.47345986618445474 0.2056012582447794
leaf_weight=66 17 245 50 17 19 25 18 14.999999999999998 13.000000000000002 15.999999999999998 14.999999999999998 29 12.999999999999998 18
leaf_count=66 17 245 50 17 19 25 18 15 13 16 15 29 13 18
internal_value=3.23376e-10 -0.0129815 0.0156515 0.206941 -0.0814721 0.00275243 -0.13597 -0.0682356 -0.081971 -0.218866 -0.0538153 -0.0824812 -0.204571 -0.0214364
internal_weight=576 542 357 34 112 44 68 185 170 29 141 126 42 84
internal_count=576 542 357 34 112 44 68 185 170 29 141 126 42 84
is_linear=0
shrinkage=0.05


Tree=84
num_leaves=15
num_cat=0
split_feature=5 0 0 4 1 0 1 3 1 0 0 1 0 3
split_gain=617.498 404.449 1204.88 467.474 245.857 247.824 241.854 234.107 503.088 1665.15 780.628 911.086 802.329 527.087
threshold=1.0000000180025095e-35 15.500000000000002 10.500000000000002 0.21025928915871575 4.5000000000000009 13.500000000000002 1.5000000000000002 16.551833283253156 4.5000000000000009 6.5000000000000009 6.5000000000000009 2.5000000000000004 8.5000000000000018 17.672362031052057
decision_type=2 2 2 2 2 2 2 2 2 2 2 2 2 2
left_child=1 2 7 4 5 -4 -7 -1 10 -10 13 -12 -13 -9
right_child=-2 -3 3 -5 -6 6 -8 8 9 -11 11 12 -14 -15
leaf_value=-0.13960698106884958 0.24827933187286058 -0.075500609109266884 0.22665411379602221 0.37641308448816602 -0.023068575340288659 0.21108088120818136 -0.082096345810329208 0.25250230431556703 0.073979570227675137 -0.4990144616081601 0.0071389359616956041 0.64036618492432984 0.094869151023718026 -0.11663732171058655
leaf_weight=50 24 168 45 19 27 12.000000000000002 17 10.999999999999998 32 21 43 14.000000000000002 12.999999999999998 80
leaf_count=50 24 168 45 19 27 12 17 11 32 21 43 14 13 80
internal_value=-9.86943e-10 -0.0107948 0.0175141 0.148881 0.106078 0.1532 0.0392184 -0.0421984 -0.0194393 -0.153056 0.0245462 0.150077 0.377719 -0.072016
internal_weight=576 552 384 120 101 74 29 264 214 53 161 70 27 91
internal_count=576 552 384 120 101 74 29 264 214 53 161 70 27 91
is_linear=0
shrinkage=0.05


Tree=85
num_leaves=15
num_cat=0
split_feature=5 0 0 0 4 0 0 4 1 0 1 3 1 1
split_gain=557.292 366.409 714.713 413.35 421.895 247.161 424.224 227.837 221.886 223.661 231.991 219.664 218.273 208.282
threshold=1.0000000180025095e-35 17.500000000000004 10.500000000000002 15.500000000000002 0.21025928915871575 20.500000000000004 21.500000000000004 0.052937240446585383 4.5000000000000009 13.500000000000002 1.5000000000000002 13.592927960754505 1.5000000000000002 1.5000000000000002
decision_type=2 2 2 2 2 2 2 2 2 2 2 2 2 2
left_child=1 2 7 4 8 -3 -7 -1 9 10 -4 -10 -11 -9
right_child=-2 5 3 -5 -6 6 -8 13 11 12 -12 -13 -14 -15
leaf_value=-0.060861236375163913 0.23586536323030793 -0.16687830371989146 0.054769931236902873 -0.032171779638156296 0.35759244184744987 0.18436489833725825 -0.10026648712034028 0.23176351625185748 0.10564432243506112 0.20052683825294171 0.29559714764356615 -0.18136448959509532 -0.077991535909035625 -0.0066710259224618644
leaf_weight=220 24 54 14.999999999999998 48 19 18 48 12.999999999999998 15.000000000000002 12.000000000000002 30 11.999999999999998 17 31
leaf_count=220 24 54 15 48 19 18 48 13 15 12 30 12 17 31
internal_value=5.04143e-10 -0.010255 0.011215 0.0918347 0.141437 -0.0875471 -0.0226397 -0.0400884 0.100774 0.14554 0.215321 -0.0219151 0.0372574 0.0637755
internal_weight=576 552 432 168 120 120 66 264 101 74 45 27 29 44
internal_count=576 552 432 168 120 120 66 264 101 74 45 27 29 44
is_linear=0
shrinkage=0.05


Tree=86
num_leaves=15
num_cat=0
split_feature=4 0 0 5 1 0 0 3 3 3 1 3 3 1
split_gain=519.795 330.81 492.21 486.296 245.234 231.926 208.251 203.939 497.949 200.562 170.715 313.95 448.732 490.263
threshold=3.0956703811672841 7.5000000000000009 15.500000000000002 1.0000000180025095e-35 4.5000000000000009 19.500000000000004 8.5000000000000018 11.862027600916852 12.855071411789764 9.1651932166242656 1.0000000180025095e-35 18.346834807767447 19.263689311058723 4.5000000000000009
decision_type=2 2 2 2 2 2 2 2 2 2 2 2 2 2
left_child=1 10 4 7 6 -5 -3 9 -9 -4 -1 -12 13 -13
right_child=-2 2 3 5 -6 -7 -8 8 -10 -11 11 12 -14 -15
leaf_value=0.06481840920945009 0.35734113335609435 -0.04718136704630322 0.091852704187234249 0.33123821169137946 -0.02041869509093305 0.013388336788524281 0.13500327148062527 0.20320407606306531 -0.12142804816917137 -0.12392295956966425 -0.005439340004909643 -0.13470524185233643 -0.061547368649264869 -0.54729498773813245
leaf_weight=24 9.9999999999999982 18 11.999999999999998 12.000000000000002 47 10.999999999999998 122 21 27 105 79 18.000000000000004 58 11.999999999999998
leaf_count=24 10 18 12 12 47 11 122 21 27 105 79 18 58 12
internal_value=-3.68002e-10 -0.00631345 0.020967 -0.0361639 0.0784035 0.179223 0.11158 -0.0661876 0.0205985 -0.101792 -0.0598746 -0.0777945 -0.14275 -0.299741
internal_weight=576 566 375 188 187 23 140 165 48 117 191 167 88 30
internal_count=576 566 375 188 187 23 140 165 48 117 191 167 88 30
is_linear=0
shrinkage=0.05


Tree=87
num_leaves=15
num_cat=0
split_feature=4 0 0 5 1 0 0 3 3 3 1 3 0 3
split_gain=469.115 298.556 444.22 438.882 221.324 209.314 187.947 184.055 449.399 187.393 154.07 283.34 411.201 404.981
threshold=3.0956703811672841 7.5000000000000009 15.500000000000002 1.0000000180025095e-35 4.5000000000000009 19.500000000000004 8.5000000000000018 11.862027600916852 12.855071411789764 9.6583129270730641 1.0000000180025095e-35 18.346834807767447 1.5000000000000002 19.263689311058723
decision_type=2 2 2 2 2 2 2 2 2 2 2 2 2 2
left_child=1 10 4 7 6 -5 -3 9 -9 -4 -1 12 -12 -13
right_child=-2 2 3 5 -6 -7 -8 8 -10 -11 11 13 -14 -15
leaf_value=0.061577488233645762 0.33947407007217412 -0.044822305275334255 0.024686104595661163 0.31467629745602599 -0.019397759849720815 0.012718917023051869 0.12825310867218698 0.19304386788890476 -0.11535664796829224 -0.12968855594669509 -0.11223541411704251 -0.28475408305724464 0.11636933257450928 -0.058469994616662635
leaf_weight=24 9.9999999999999982 18 25 12.000000000000002 47 10.999999999999998 122 21 27 92 42 30 37 58
leaf_count=24 10 18 25 12 47 11 122 21 27 92 42 30 37 58
internal_value=9.78212e-11 -0.00599777 0.0199187 -0.0343557 0.0744833 0.170262 0.106001 -0.0628782 0.0195686 -0.0967025 -0.0568809 -0.0739048 -0.00516737 -0.135612
internal_weight=576 566 375 188 187 23 140 165 48 117 191 167 79 88
internal_count=576 566 375 188 187 23 140 165 48 117 191 167 79 88
is_linear=0
shrinkage=0.05


Tree=88
num_leaves=15
num_cat=0
split_feature=5 0 0 3 3 0 0 3 3 3 1 3 1 0
split_gain=424.579 292.286 563.712 318.154 231.364 216.313 211.983 398.995 243.696 208.619 273.911 208.608 398.651 1504.28
threshold=1.0000000180025095e-35 17.500000000000004 10.500000000000002 14.185622046253 13.325732870588988 15.500000000000002 20.500000000000004 11.090292461693183 11.862027600916852 15.478979884970919 2.5000000000000004 16.551833283253156 4.5000000000000009 6.5000000000000009
decision_type=2 2 2 2 2 2 2 2 2 2 2 2 2 2
left_child=1 2 11 4 5 -4 -3 -8 -9 -5 -11 -1 -13 -14
right_child=-2 6 3 9 -6 -7 7 8 -10 10 -12 12 13 -15
leaf_value=-0.12728885775804519 0.20587424446518221 -0.15145303274470348 0.12773063627296483 0.31328324943780905 -0.15326001942157746 -0.016594762791027416 0.24291554478307567 -0.27454074397683143 -0.019049857060114542 -0.055684191414288098 0.2518293007214864 0.025300625534670326 0.082994050704292027 -0.46161895578815826
leaf_weight=50 24 54 58 20 13.999999999999998 47 11.999999999999998 11.999999999999998 42 14.000000000000002 14.999999999999998 161 32 21
leaf_count=50 24 54 58 20 14 47 12 12 42 14 15 161 32 21
internal_value=-5.43757e-10 -0.00895105 0.0102247 0.0818233 0.0376704 0.0631278 -0.0779838 -0.0178727 -0.0758256 0.189052 0.103375 -0.035338 -0.0138541 -0.132796
internal_weight=576 552 432 168 119 105 120 66 54 49 29 264 214 53
internal_count=576 552 432 168 119 105 120 66 54 49 29 264 214 53
is_linear=0
shrinkage=0.05


Tree=89
num_leaves=15
num_cat=0
split_feature=4 0 0 4 1 3 3 1 3 3 0 3 3 3
split_gain=410.264 261.258 393.415 161.676 138.587 265.257 358.105 428.593 404.703 653.82 353.607 131.272 236.518 267.276
threshold=3.0956703811672841 7.5000000000000009 18.500000000000004 0.21025928915871575 1.0000000180025095e-35 18.346834807767447 19.263689311058723 4.5000000000000009 19.744136950205114 20.260474838062859 2.5000000000000004 9.7004589592473192 11.862027600916852 12.855071411789764
decision_type=2 2 2 2 2 2 2 2 2 2 2 2 2 2
left_child=1 4 3 -3 -1 10 7 -7 -8 -10 -6 -4 -13 -14
right_child=-2 2 11 -5 5 6 8 -9 9 -11 -12 12 13 -15
leaf_value=0.059140948702891674 0.31746706575155259 0.038764885190482205 0.080692863815153643 0.16223860825101535 -0.062373345568776134 -0.1149973067972395 0.13270638427255971 -0.50076535468300187 -0.39416013080626727 0.022044912758080858 0.18513606457333817 -0.14673085489443369 0.14370016902685165 -0.099423668132378518
leaf_weight=24 9.9999999999999982 228 14.999999999999998 30 60 18.000000000000004 19 11.999999999999998 15.999999999999998 23 19 56 20 26
leaf_count=24 10 228 15 30 60 18 19 12 16 23 19 56 20 26
internal_value=-8.58482e-10 -0.00560896 0.0186347 0.0531223 -0.0532077 -0.0693536 -0.12906 -0.269305 -0.0565191 -0.148706 -0.00284577 -0.0574149 -0.0777249 0.00628235
internal_weight=576 566 375 258 191 167 88 30 58 39 79 117 102 46
internal_count=576 566 375 258 191 167 88 30 58 39 79 117 102 46
is_linear=0
shrinkage=0.05


Tree=90
num_leaves=15
num_cat=0
split_feature=5 0 0 3 3 3 0 3 0 0 3 1 4 1
split_gain=382.66 248.069 471.289 284.432 269.94 195.388 295.658 222.074 192.646 383.308 195.698 225.126 185.629 176.193
threshold=1.0000000180025095e-35 17.500000000000004 10.500000000000002 14.17275389614271 13.325732870588988 11.673798640188268 15.500000000000002 9.6583129270730641 20.500000000000004 21.500000000000004 13.325732870588988 2.5000000000000004 0.052937240446585383 1.5000000000000002
decision_type=2 2 2 2 2 2 2 2 2 2 2 2 2 2
left_child=1 2 12 4 5 6 -4 -8 -3 -10 11 -11 -1 -14
right_child=-2 8 3 -5 -6 -7 7 -9 9 10 -12 -13 13 -15
leaf_value=-0.051242518011395899 0.1954471060850968 -0.14213311399022741 0.16815271116793157 0.17317467042628457 -0.19297308474779129 0.14257231972566464 0.11712945451339085 -0.13404607217984671 0.18197784026463826 -0.021612469966594983 0.030876412391662601 -0.30589122732480367 0.21576533180016738 -0.0035344641054830244
leaf_weight=220 24 54 19 51 11.999999999999998 41 11.999999999999998 33 18 13.000000000000002 20 14.999999999999998 12.999999999999998 31
leaf_count=220 24 54 19 51 12 41 12 33 18 13 20 15 13 31
internal_value=-1.6054e-09 -0.0084977 0.00916819 0.0746347 0.0316814 0.0573562 0.0027646 -0.0670659 -0.0720949 -0.0147909 -0.0885792 -0.173905 -0.0324923 0.0612587
internal_weight=576 552 432 168 117 105 64 45 120 66 48 28 264 44
internal_count=576 552 432 168 117 105 64 45 120 66 48 28 264 44
is_linear=0
shrinkage=0.05


Tree=91
num_leaves=15
num_cat=0
split_feature=4 0 0 4 3 3 1 3 0 3 1 3 3 1
split_gain=358.589 219.535 336.397 141.275 127.986 222.983 123.26 239.538 324.544 324.416 383.819 364.076 588.167 196.968
threshold=3.0956703811672841 7.5000000000000009 18.500000000000004 0.21025928915871575 9.2659245784998792 10.007838019154709 1.0000000180025095e-35 18.346834807767447 1.5000000000000002 19.263689311058723 4.5000000000000009 19.744136950205114 20.260474838062859 4.5000000000000009
decision_type=2 2 2 2 2 2 2 2 2 2 2 2 2 2
left_child=1 6 3 4 -3 -6 -1 8 13 10 -9 -11 -13 -8
right_child=-2 2 -4 -5 5 -7 7 9 -10 11 -12 12 -14 -15
leaf_value=0.057077231009801235 0.29680089376866819 0.21035821206867694 -0.053343226747889806 0.15087023407220843 -0.15225145854055883 0.041657951994946617 -0.16450307925542196 -0.10830120841662089 0.10707148164510727 0.12767944661410233 -0.47336373596917841 -0.37203908711671829 0.022716909776563231 0.075182035565376282
leaf_weight=24 9.9999999999999982 9.9999999999999982 117 30 15.999999999999998 202 30 18.000000000000004 37 19 11.999999999999998 15.999999999999998 23 11.999999999999998
leaf_count=24 10 10 117 30 16 202 30 18 37 19 12 16 23 12
internal_value=6.33898e-10 -0.00524383 0.0169798 0.0488704 0.0354494 0.0274261 -0.0488766 -0.0641035 -0.000902065 -0.120841 -0.254326 -0.051797 -0.139234 -0.0960216
internal_weight=576 566 375 258 228 218 191 167 79 88 30 58 39 42
internal_count=576 566 375 258 228 218 191 167 79 88 30 58 39 42
is_linear=0
shrinkage=0.05


Tree=92
num_leaves=15
num_cat=0
split_feature=5 0 0 3 3 4 3 3 3 3 1 0 1 0
split_gain=351.171 209.599 393.126 251.643 245.54 197.779 183.256 434.841 178.031 397.95 242.726 351.136 596.534 332.405
threshold=1.0000000180025095e-35 17.500000000000004 10.500000000000002 14.17275389614271 13.325732870588988 0.39898482121119017 10.445114811949095 9.6583129270730641 17.11488052926294 17.850399549085534 3.5000000000000004 6.5000000000000009 2.5000000000000004 6.5000000000000009
decision_type=2 2 2 2 2 2 2 2 2 2 2 2 2 2
left_child=1 2 8 4 6 -3 7 -4 -1 -10 11 -11 -13 -12
right_child=-2 5 3 -5 -6 -7 -8 -9 9 10 13 12 -14 -15
leaf_value=-0.10253547538304703 0.18723288749655087 -0.047244800166650253 0.13415986574613128 0.16057591407431984 -0.18677248060703278 -0.27949408888816835 0.088900616746395822 -0.28323100693523884 0.17987824911996722 -0.066604765777786568 -0.0060603241259987294 -0.00012304999611594461 0.38938414518322267 -0.2280214059737421
leaf_weight=64 24 110 13.000000000000002 51 11.999999999999998 9.9999999999999982 80 11.999999999999998 25 60 37 33 13.999999999999998 31
leaf_count=64 24 110 13 51 12 10 80 12 25 60 37 33 14 31
internal_value=-1.01378e-09 -0.00814056 0.00809787 0.0678896 0.0274879 -0.0665989 0.0519748 -0.0661878 -0.0299514 -0.00672454 -0.0333821 0.013561 0.1159 -0.107248
internal_weight=576 552 432 168 117 120 105 25 264 200 175 107 47 68
internal_count=576 552 432 168 117 120 105 25 264 200 175 107 47 68
is_linear=0
shrinkage=0.05


Tree=93
num_leaves=15
num_cat=0
split_feature=4 0 0 3 1 0 3 0 3 1 3 3 1 3
split_gain=318.57 189.31 223.694 226.928 526.393 1258.32 479.279 329.126 487.158 944.123 384.431 298.719 185.491 172.514
threshold=3.0956703811672841 4.5000000000000009 18.500000000000004 18.306904445698279 4.5000000000000009 6.5000000000000009 17.043034379262952 6.5000000000000009 19.011864033485775 2.5000000000000004 20.148697455470259 16.306027855849809 2.5000000000000004 19.413078735781088
decision_type=2 2 2 2 2 2 2 2 2 2 2 2 2 2
left_child=1 13 3 6 7 -6 11 10 -9 -10 -5 -3 -8 -1
right_child=-2 2 -4 4 5 -7 12 8 9 -11 -12 -13 -14 -15
leaf_value=-0.04164541861332885 0.27974939800798898 0.050102858986124134 -0.049322533215849833 0.051143371987910503 0.24474068760871878 -0.44818770061982305 0.10742474584416906 -0.077366016095592863 0.034335432811216877 0.58567830137908461 -0.28710802367755345 -0.2186116032979705 0.3777431196967761 -0.24940590452064171
leaf_weight=109 9.9999999999999982 173 117 21 10.000000000000002 19 11.000000000000002 21 22 11.999999999999998 13.999999999999998 10.999999999999998 14.999999999999998 10.999999999999998
leaf_count=109 10 173 117 21 10 19 11 21 22 12 14 11 15 11
internal_value=-2.98153e-10 -0.00494257 0.0100568 0.0311734 -0.0239902 -0.209247 0.0624328 0.0357037 0.111979 0.228927 -0.0841572 0.0340384 0.263378 -0.0606901
internal_weight=576 566 446 329 119 29 210 90 55 34 35 184 26 120
internal_count=576 566 446 329 119 29 210 90 55 34 35 184 26 120
is_linear=0
shrinkage=0.05


Tree=94
num_leaves=15
num_cat=0
split_feature=5 0 0 4 4 3 3 1 0 0 0 3 0 1
split_gain=318.851 189.697 513.345 299.818 203.343 157.078 376.59 263.228 1192.81 540.886 733.911 422.315 351.093 332.17
threshold=1.0000000180025095e-35 15.500000000000002 10.500000000000002 0.21025928915871575 0.12507933169040467 16.551833283253156 15.799000894395478 4.5000000000000009 6.5000000000000009 6.5000000000000009 7.5000000000000009 17.672362031052057 4.5000000000000009 1.5000000000000002
decision_type=2 2 2 2 2 2 2 2 2 2 2 2 2 2
left_child=1 2 5 -4 -3 6 -1 9 12 11 -11 -7 -9 -13
right_child=-2 4 3 -5 -6 7 -8 8 -10 10 -12 13 -14 -15
leaf_value=-0.0086466235644889599 0.17840898707509042 -0.033015515425552928 0.063099091168087304 0.27959599887069903 -0.21086693621344038 0.23321547616611826 -0.29831971298245824 -0.041485205218195917 -0.39816109460024607 0.40277967303991319 0.032352630736736152 0.037905576927908538 0.30061263640721642 -0.17403352080899126
leaf_weight=33 24 150 101 19 18 10.999999999999998 17 20 21 18 52 29 11.999999999999998 51
leaf_count=33 24 150 101 19 18 11 17 20 21 18 52 29 12 51
internal_value=-2.10518e-10 -0.00775691 0.0116305 0.0973778 -0.052071 -0.0273455 -0.107135 -0.008703 -0.105353 0.0231136 0.127605 -0.0572646 0.0868015 -0.0972056
internal_weight=576 552 384 120 168 264 50 214 53 161 70 91 32 80
internal_count=576 552 384 120 168 264 50 214 53 161 70 91 32 80
is_linear=0
shrinkage=0.05


Tree=95
num_leaves=15
num_cat=0
split_feature=4 0 1 0 0 1 0 1 0 0 0 0 0 0
split_gain=298.227 222.235 187.482 349.302 160.585 199.12 508.567 587.526 807.311 869.461 791.308 1105.19 808.004 758.109
threshold=0.052937240446585383 4.5000000000000009 5.5000000000000009 3.5000000000000004 18.500000000000004 2.5000000000000004 17.500000000000004 4.5000000000000009 13.500000000000002 6.5000000000000009 14.500000000000002 6.5000000000000009 8.5000000000000018 8.5000000000000018
decision_type=2 2 2 2 2 2 2 2 2 2 2 2 2 2
left_child=1 2 3 -1 5 -3 7 8 9 -7 11 -9 -13 -11
right_child=-2 4 -4 -5 -6 6 -8 10 -10 13 -12 12 -14 -15
leaf_value=-0.058147706458534024 0.086469677360180547 -0.025825122737931829 0.10280597601085902 -0.31117699673289767 -0.050762881075893086 -0.14818970660368602 0.37123233849803605 0.27417710911143911 -0.11753891309102377 0.67087246527274447 0.22210765480995179 -0.68105232089757928 -0.16417467034752331 0.20486092809587719
leaf_weight=69 85 126 11.999999999999998 17 106 11.999999999999998 11.999999999999998 10.999999999999998 24 11.999999999999998 17 9.9999999999999982 31 32
leaf_count=69 85 126 12 17 106 12 12 11 24 12 17 10 31 32
internal_value=5.51356e-11 -0.0149693 -0.0823319 -0.108165 0.00182852 0.0212525 0.0580959 0.0328768 0.125085 0.229067 -0.0740313 -0.170846 -0.290242 0.331955
internal_weight=576 491 98 86 393 287 161 149 80 56 69 52 41 44
internal_count=576 491 98 86 393 287 161 149 80 56 69 52 41 44
is_linear=0
shrinkage=0.05


Tree=96
num_leaves=15
num_cat=0
split_feature=5 0 0 4 4 1 0 1 3 3 3 3 3 1
split_gain=275.687 171.125 455.803 261.278 194.602 148.119 176.324 192.855 171.309 168.671 144.834 330.216 193.26 181.842
threshold=1.0000000180025095e-35 15.500000000000002 10.500000000000002 0.39898482121119017 0.12507933169040467 4.5000000000000009 13.500000000000002 1.5000000000000002 13.16293674354853 14.362467377097806 17.11488052926294 17.850399549085534 15.478979884970919 3.5000000000000004
decision_type=2 2 2 2 2 2 2 2 2 2 2 2 2 2
left_child=1 2 10 5 -3 6 9 -8 -7 -4 12 -12 -1 -13
right_child=-2 4 3 -5 -6 8 7 -9 -10 -11 11 13 -14 -15
leaf_value=0.0075263964810541699 0.16589403748512269 -0.030660245853165787 0.27781523822082416 0.27360373665304744 -0.20464707281854422 0.082793144243104105 0.15427871247132616 -0.10752096859847798 -0.16926838939006514 0.082963418035671643 0.16540625977516177 0.011772285039736846 -0.16761987722582289 -0.092793642450124031
leaf_weight=28 24 150 18 17 18 14.000000000000002 12.000000000000002 17 12.999999999999998 29 25 107 36 68
leaf_count=28 24 150 18 17 18 14 12 17 13 29 25 107 36 68
internal_value=-8.43364e-10 -0.00721279 0.0112011 0.0919998 -0.0493017 0.0620264 0.0977645 0.000809934 -0.0385698 0.157588 -0.0255256 -0.00457588 -0.0909934 -0.028859
internal_weight=576 552 384 120 168 103 76 29 27 47 264 200 64 175
internal_count=576 552 384 120 168 103 76 29 27 47 264 200 64 175
is_linear=0
shrinkage=0.05


Tree=97
num_leaves=15
num_cat=0
split_feature=4 0 1 0 1 0 0 3 1 0 1 0 1 3
split_gain=262.865 188.931 171.508 319.322 154.177 281.929 246.954 210.028 220.243 142.357 194.721 445.667 511.577 710.224
threshold=0.052937240446585383 4.5000000000000009 5.5000000000000009 3.5000000000000004 4.5000000000000009 17.500000000000004 13.500000000000002 16.978994087980695 2.5000000000000004 18.500000000000004 2.5000000000000004 17.500000000000004 4.5000000000000009 12.281737692523359
decision_type=2 2 2 2 2 2 2 2 2 2 2 2 2 2
left_child=1 2 3 -1 5 6 7 -2 -9 10 -3 12 13 -12
right_child=4 9 -4 -5 -6 -7 -8 8 -10 -11 11 -13 -14 -15
leaf_value=-0.053049473270126019 -0.14070150703191758 -0.026831938759497711 0.10091085253904264 -0.29497658128247545 0.21586070884676542 -0.17242080122232439 0.28560161453026994 0.20449663475155827 -0.074045493521473632 -0.048082436543871773 -0.13112086057662964 0.34928987771272663 -0.067210473778887073 0.20747139294773845
leaf_weight=69 11.999999999999998 126 11.999999999999998 17 17 11.999999999999998 12.999999999999998 20.000000000000004 10.999999999999998 106 21 11.999999999999998 69 59
leaf_count=69 12 126 12 17 17 12 13 20 11 106 21 12 69 59
internal_value=-5.28073e-10 -0.0140538 -0.0761641 -0.100872 0.0811814 0.0475116 0.0946399 0.0369073 0.105659 0.00143427 0.0197227 0.0561567 0.0325487 0.118591
internal_weight=576 491 98 86 85 68 56 43 31 393 287 161 149 80
internal_count=576 491 98 86 85 68 56 43 31 393 287 161 149 80
is_linear=0
shrinkage=0.05


Tree=98
num_leaves=15
num_cat=0
split_feature=4 3 3 1 0 4 3 1 4 0 0 0 0 3
split_gain=247.724 155.511 510.809 236.799 184.041 181.604 285.321 146.748 295.085 144.649 125.298 123.58 176.156 186.61
threshold=3.0956703811672841 19.67259993137186 19.427463050692975 3.5000000000000004 6.5000000000000009 0.052937240446585383 19.235262222507156 4.5000000000000009 0.26201995310866927 16.500000000000004 6.5000000000000009 5.5000000000000009 18.500000000000004 13.325732870588988
decision_type=2 2 2 2 2 2 2 2 2 2 2 2 2 2
left_child=1 2 5 4 -3 6 11 8 -7 10 -10 -1 -13 -14
right_child=-2 3 -4 -5 -6 7 -8 -9 9 -11 -12 12 13 -15
leaf_value=-0.059862391505090679 0.24668982684612276 -0.10154932672562807 0.32668387542168298 -0.23284068355957666 0.12356829692920049 0.25600843176556132 -0.21030521194140117 0.22356745761174424 -0.10289321108297865 -0.17180124123891194 0.10719973213970663 0.032842595183788098 -0.077671003185732432 0.091890237852931031
leaf_weight=87 9.9999999999999982 23 11.999999999999998 18 14.999999999999998 11.999999999999998 18 12.999999999999998 11.000000000000002 11.999999999999998 20 219 86 20
leaf_count=87 10 23 12 18 15 12 18 13 11 12 20 219 86 20
internal_value=-1.43579e-10 -0.00435848 0.00432616 -0.0834508 -0.0126871 -0.00344149 -0.0154486 0.0724858 0.0367756 -0.0244057 0.0326506 -0.00693544 0.0072327 -0.0456783
internal_weight=576 566 510 56 38 498 430 68 55 43 31 412 325 106
internal_count=576 566 510 56 38 498 430 68 55 43 31 412 325 106
is_linear=0
shrinkage=0.05


Tree=99
num_leaves=15
num_cat=0
split_feature=5 0 0 4 3 3 3 0 3 3 1 3 3 3
split_gain=237.443 138.04 378.922 206.642 174.131 389.767 165.137 175.29 247.372 203.816 194.798 536.631 120.359 317.912
threshold=1.0000000180025095e-35 15.500000000000002 10.500000000000002 0.21025928915871575 11.862027600916852 12.855071411789764 11.430743536278149 20.500000000000004 9.6583129270730641 10.816431778415906 1.5000000000000002 10.347726012018823 16.551833283253156 15.826890910465192
decision_type=2 2 2 2 2 2 2 2 2 2 2 2 2 2
left_child=1 2 12 -4 6 -6 7 8 -3 10 -10 -12 13 -1
right_child=-2 4 3 -5 5 -7 -8 -9 9 -11 11 -13 -14 -15
leaf_value=-0.010948653944901058 0.15395788053671522 0.051612057350575925 0.055056462542956125 0.23479137012833046 0.19754715391567776 -0.089664313210933308 -0.22623046459630133 0.083614059968998566 -0.052321196347475056 0.015397592633962632 -0.11360733956098555 -0.56611931681632999 -0.0073231018052619199 -0.28607295855879783
leaf_weight=35 24 24 101 19 21 27 15.999999999999998 19 15.999999999999998 15.999999999999998 19.000000000000004 9.9999999999999982 214 14.999999999999998
leaf_count=35 24 24 101 19 21 27 16 19 16 16 19 10 214 15
internal_value=-1.02785e-09 -0.00669382 0.00984453 0.0835145 -0.0444958 0.0359907 -0.0766903 -0.0536842 -0.0843744 -0.137877 -0.192375 -0.269646 -0.0236418 -0.0934859
internal_weight=576 552 384 120 168 48 120 104 85 61 45 29 264 50
internal_count=576 552 384 120 168 48 120 104 85 61 45 29 264 50
is_linear=0
shrinkage=0.05


Tree=100
num_leaves=15
num_cat=0
split_feature=4 1 0 0 3 3 3 3 1 3 3 0 1 1
split_gain=221.483 351.926 104.047 232.341 197.681 188.006 350.439 122.639 119.89 235.647 277.402 233.648 1407.06 655.747
threshold=1.045716535369644 2.5000000000000004 18.500000000000004 10.500000000000002 13.325732870588988 12.281737692523359 11.862027600916852 14.17275389614271 3.5000000000000004 16.383838007770553 15.478979884970919 6.5000000000000009 4.5000000000000009 4.5000000000000009
decision_type=2 2 2 2 2 2 2 2 2 2 2 2 2 2
left_child=2 -2 3 8 5 6 -4 -5 9 10 -1 13 -13 -10
right_child=1 -3 4 7 -6 -7 -8 -9 11 -11 -12 12 -14 -15
leaf_value=0.0078231640656789125 -0.037072096677387464 0.28465402336681594 -0.097940594801569691 0.023835832275506251 0.091778941154479987 -0.26621307767927649 0.19513280118505161 0.12097188305802818 -0.26285639901955926 0.026490649309261399 -0.31470694852372016 0.26455536286036174 -0.40333496014709058 0.099166583869515407
leaf_weight=15.000000000000002 17 17 68 133 20 11.999999999999998 11.999999999999998 43 18 133 11.999999999999998 11.999999999999998 23 41
leaf_count=15 17 17 68 133 20 12 12 43 18 133 12 12 23 41
internal_value=-1.03157e-10 0.123791 -0.00776548 0.003415 -0.0506906 -0.0816622 -0.0539796 0.0475679 -0.0271792 -0.000849247 -0.135524 -0.071996 -0.174344 -0.0112811
internal_weight=576 34 542 430 112 92 80 176 254 160 27 94 35 59
internal_count=576 34 542 430 112 92 80 176 254 160 27 94 35 59
is_linear=0
shrinkage=0.05


Tree=101
num_leaves=15
num_cat=0
split_feature=5 0 3 4 4 4 1 1 0 0 0 1 0 3
split_gain=216.417 121.124 331.813 178.6 169.931 131.014 182.871 130.611 879.269 745.022 607.126 989.559 858.345 249.04
threshold=1.0000000180025095e-35 15.500000000000002 12.568665144838974 0.12507933169040467 0.052937240446585383 0.78591855591947779 2.5000000000000004 4.5000000000000009 6.5000000000000009 8.5000000000000018 6.5000000000000009 2.5000000000000004 8.5000000000000018 20.148697455470259
decision_type=2 2 2 2 2 2 2 2 2 2 2 2 2 2
left_child=1 2 -1 -3 7 6 -6 10 -9 -10 13 -12 -13 -4
right_child=-2 3 4 -5 5 -7 -8 8 9 -11 11 12 -14 -15
leaf_value=0.15360842465112609 0.14698359376440448 -0.0239420978675286 -0.056583932879265775 -0.19062202887402641 0.23865122199058533 -0.012460100740337602 0.00049689188599586485 0.099775820215129193 -0.61504852294921886 -0.11456710819540353 -0.046987226139754062 0.62059960613648102 0.12873036271947272 -0.27681587656339007
leaf_weight=36 24 150 89 18 19 26 13.999999999999998 36 9.9999999999999982 29 64 11.999999999999998 34 14.999999999999998
leaf_count=36 24 150 89 18 19 26 14 36 10 29 64 12 34 15
internal_value=9.40862e-10 -0.00639059 0.00910132 -0.0418007 -0.00584769 0.0714808 0.137616 -0.0216345 -0.0784134 -0.242896 -0.00173534 0.0801531 0.257044 -0.0883482
internal_weight=576 552 384 168 348 59 33 289 75 39 214 110 46 104
internal_count=576 552 384 168 348 59 33 289 75 39 214 110 46 104
is_linear=0
shrinkage=0.05


Tree=102
num_leaves=15
num_cat=0
split_feature=4 3 3 1 3 3 0 1 3 3 1 3 1 0
split_gain=206.381 128.596 473.059 208.469 150.355 276.127 297.24 265.184 254.935 279.718 238.975 212.221 156.723 182.35
threshold=3.0956703811672841 19.67259993137186 19.427463050692975 3.5000000000000004 18.346834807767447 17.043034379262952 5.5000000000000009 2.5000000000000004 15.478979884970919 15.159677663642688 2.5000000000000004 18.551152357258914 1.5000000000000002 10.500000000000002
decision_type=2 2 2 2 2 2 2 2 2 2 2 2 2 2
left_child=1 2 4 -3 5 8 7 -7 9 -1 -8 -6 -10 -14
right_child=-2 3 -4 -5 11 6 10 -9 12 -11 -12 -13 13 -15
leaf_value=-0.0021374949290041338 0.22516575098037719 -0.0095050770005113208 0.31413701723019283 -0.21607027120060393 -0.2592185199260712 0.18972538461287816 0.05830767974257467 -0.10758715428411961 -0.22004512019455433 0.20664135428035962 0.35347926970571281 -0.03210307953801627 -0.14035145640373231 0.10267240726030791
leaf_weight=285 9.9999999999999982 38 11.999999999999998 18 11.999999999999998 11.999999999999998 12.000000000000002 20 20 17 15.999999999999998 72 19 12.999999999999998
leaf_count=285 10 38 12 18 12 12 12 20 20 17 16 72 19 13
internal_value=2.28788e-10 -0.00397819 0.00391922 -0.075901 -0.00355591 0.00881932 0.108005 0.00390505 -0.00799187 0.00961496 0.226977 -0.0645481 -0.110247 -0.041623
internal_weight=576 566 510 56 498 414 60 32 354 302 28 84 52 32
internal_count=576 566 510 56 498 414 60 32 354 302 28 84 52 32
is_linear=0
shrinkage=0.05


Tree=103
num_leaves=15
num_cat=0
split_feature=4 1 3 3 1 3 3 3 0 1 1 3 3 1
split_gain=195.26 308.847 93.865 161.129 141.443 100.483 224.931 206.342 264.638 237.612 233.247 226.969 241.096 176.506
threshold=1.045716535369644 2.5000000000000004 9.1651932166242656 9.9246623537089746 2.5000000000000004 18.346834807767447 18.551152357258914 17.043034379262952 5.5000000000000009 2.5000000000000004 2.5000000000000004 15.478979884970919 15.159677663642688 1.5000000000000002
decision_type=2 2 2 2 2 2 2 2 2 2 2 2 2 2
left_child=2 -2 -1 4 -4 7 -7 11 10 -10 -9 12 13 -5
right_child=1 -3 3 5 -6 6 -8 8 9 -11 -12 -13 -14 -15
leaf_value=0.12049232306224961 -0.03446419195217245 0.26692829202203189 -0.027301662365595492 0.070188402861469629 -0.25760843666891259 -0.24625759323438012 -0.020502990694635001 0.17885266704992808 0.030654802918434133 0.34530542224645616 -0.11339075888196629 -0.10436116172646991 0.20768724948167805 -0.026312362406003688
leaf_weight=13.999999999999998 17 17 15.000000000000002 66 11.999999999999998 11.999999999999998 137 11.000000000000002 10.000000000000002 14.999999999999998 18 49 14.999999999999998 168
leaf_count=14 17 17 15 66 12 12 137 11 10 15 18 49 15 168
internal_value=-4.03816e-10 0.116232 -0.00729131 -0.0106795 -0.12966 -0.00426738 -0.0386846 0.0103013 0.100231 0.219445 -0.0025398 -0.00599473 0.0133625 0.000905802
internal_weight=576 34 542 528 27 501 149 352 54 25 29 298 249 234
internal_count=576 34 542 528 27 501 149 352 54 25 29 298 249 234
is_linear=0
shrinkage=0.05


Tree=104
num_leaves=15
num_cat=0
split_feature=5 0 0 3 0 0 4 3 3 1 0 1 3 3
split_gain=196.527 116.737 109.394 229.352 286.404 216.341 673.253 149.132 261.13 168.929 174.059 115.633 184.593 267.476
threshold=1.0000000180025095e-35 22.500000000000004 7.5000000000000009 11.609962636590231 15.500000000000002 20.500000000000004 0.12507933169040467 9.355880566701229 10.007838019154709 2.5000000000000004 17.500000000000004 1.0000000180025095e-35 18.346834807767447 19.263689311058723
decision_type=2 2 2 2 2 2 2 2 2 2 2 2 2 2
left_child=1 2 11 4 -4 6 7 -6 -9 -10 -11 -1 -13 -14
right_child=-2 -3 3 -5 5 -7 -8 8 9 10 -12 12 13 -15
leaf_value=0.071367069954673443 0.14006638266146185 -0.11393882609360542 0.14913833522134357 0.048832795499525607 0.086046516802161938 0.083305384367704405 -0.48545913130044938 -0.22968988049597969 -0.11521512032909827 -0.04205278020638685 0.23541338980197907 0.0096687041128738025 -0.2168974238075316 -0.033530683828107387
leaf_weight=24 24 24 18 206 15.999999999999998 20 9.9999999999999982 21 22 13.000000000000002 9.9999999999999982 79 30 59
leaf_count=24 24 24 18 206 16 20 10 21 22 13 10 79 30 59
internal_value=-4.00824e-10 -0.00608984 -0.00118762 0.0160165 -0.0359848 -0.0657367 -0.0981372 -0.0509028 -0.0841026 -0.0161619 0.0785847 -0.0312948 -0.0459607 -0.0953397
internal_weight=576 552 528 336 130 112 92 82 66 45 23 192 168 89
internal_count=576 552 528 336 130 112 92 82 66 45 23 192 168 89
is_linear=0
shrinkage=0.05


Tree=105
num_leaves=15
num_cat=0
split_feature=4 3 4 0 3 0 3 3 3 1 1 3 3 0
split_gain=185.781 298.45 154.644 92.8874 191.89 180.557 168.139 318.809 100.673 133.569 99.2631 209.936 210.154 207.543
threshold=1.045716535369644 11.532388870139508 1.5918760761975022 18.500000000000004 13.325732870588988 10.500000000000002 12.281737692523359 11.862027600916852 11.200945514815851 3.5000000000000004 3.5000000000000004 16.383838007770553 15.478979884970919 6.5000000000000009
decision_type=2 2 2 2 2 2 2 2 2 2 2 2 2 2
left_child=3 -2 -3 5 6 10 7 8 9 -5 11 12 -1 -12
right_child=1 2 -4 4 -6 -7 -8 -9 -10 -11 13 -13 -14 -15
leaf_value=-0.0019077461957931513 0.34286972999572757 0.15572975332086733 -0.098996566809140721 0.0065454155206680301 0.092697362955659626 0.042374481385658413 -0.25271227695047854 0.18559886912504833 -0.19533151288827261 -0.16181868157888715 -0.0070752921877271051 0.026245034026696271 -0.28263492758075398 -0.16075891654406277
leaf_weight=15.000000000000002 9.9999999999999982 11.000000000000002 12.999999999999998 31 20 176 11.999999999999998 11.999999999999998 18 19 59 133 11.999999999999998 35
leaf_count=15 10 11 13 31 20 176 12 12 18 19 59 133 12 35
internal_value=-1.91439e-10 0.113376 0.017753 -0.00711212 -0.0476699 0.00345176 -0.0781845 -0.0520053 -0.0939355 -0.0574329 -0.0235183 0.000439714 -0.126675 -0.0642979
internal_weight=576 34 24 542 112 430 92 80 68 50 254 160 27 94
internal_count=576 34 24 542 112 430 92 80 68 50 254 160 27 94
is_linear=0
shrinkage=0.05


Tree=106
num_leaves=15
num_cat=0
split_feature=5 0 0 0 3 0 3 3 3 4 1 3 3 1
split_gain=183.955 106.257 100.436 271.545 200.846 166.67 148.031 135.053 393.849 123.787 284.008 129.018 321.785 102.816
threshold=1.0000000180025095e-35 22.500000000000004 20.500000000000004 17.500000000000004 11.090292461693183 7.5000000000000009 11.862027600916852 10.097309752622914 10.816431778415906 0.4750435444172133 2.5000000000000004 10.445114811949095 9.6583129270730641 1.0000000180025095e-35
decision_type=2 2 2 2 2 2 2 2 2 2 2 2 2 2
left_child=1 2 3 5 -4 13 -6 -5 -9 11 -11 12 -7 -1
right_child=-2 -3 4 7 6 9 -8 8 -10 10 -12 -13 -14 -15
leaf_value=0.067670818790793424 0.13551218217859667 -0.10878594603709645 0.24584708934028945 -0.031278488197578835 -0.15325898557901377 0.097145399180325567 0.082349992096424116 -0.42265457836064413 -0.038688424404929672 0.0098505027153912711 0.34565982699394227 0.033788426960324768 -0.28530207140879199 -0.042963588091411764
leaf_weight=24 24 24 11.999999999999998 26 10.000000000000002 11.000000000000002 20 11.000000000000002 17 17.000000000000004 9.9999999999999982 191 10.999999999999998 168
leaf_count=24 24 24 12 26 10 11 20 11 17 17 10 191 11 168
internal_value=4.83093e-10 -0.00589183 -0.00121483 -0.00762552 0.0729661 0.00558829 0.00381367 -0.113336 -0.189532 0.0333663 0.134224 0.0205815 -0.0940783 -0.0291343
internal_weight=576 552 528 486 42 432 30 54 28 240 27 213 22 192
internal_count=576 552 528 486 42 432 30 54 28 240 27 213 22 192
is_linear=0
shrinkage=0.05


Tree=107
num_leaves=15
num_cat=0
split_feature=4 3 3 1 0 3 3 3 1 0 0 1 0 3
split_gain=168.544 107.336 433.81 180.128 143.058 117.719 183.18 250.584 158.045 145.268 148.671 141.257 300.448 300.354
threshold=1.9840666505027202 19.67259993137186 19.427463050692975 3.5000000000000004 6.5000000000000009 19.235262222507156 19.079618272203749 18.850514289971056 2.5000000000000004 18.500000000000004 5.5000000000000009 2.5000000000000004 17.500000000000004 12.281737692523359
decision_type=2 2 2 2 2 2 2 2 2 2 2 2 2 2
left_child=1 2 5 4 -3 6 7 9 -7 10 -1 -12 13 -13
right_child=-2 3 -4 -5 -6 8 -8 -9 -10 -11 11 12 -14 -15
leaf_value=-0.030784544238820672 0.16001086831092837 -0.0868700182956198 0.29975233003497126 -0.20053543349107109 0.11160608480374019 0.010436949946663594 0.19349210013945897 -0.18725915615343386 -0.26420931123197078 -0.045535581758278508 -0.0012760207933538101 -0.053231325603666758 0.31589126866310835 0.11545192895483383
leaf_weight=100 15.999999999999998 23 11.999999999999998 18 14.999999999999998 11.000000000000002 11.999999999999998 18 9.9999999999999982 114 102 42 11.999999999999998 71
leaf_count=100 16 23 12 18 15 11 12 18 10 114 102 42 12 71
internal_value=4.66955e-10 -0.00457174 0.00272497 -0.0702421 -0.00852419 -0.0045196 0.000644675 -0.00439709 -0.120347 0.00306667 0.0200106 0.0423873 0.0780165 0.0527555
internal_weight=576 560 504 56 38 492 471 459 21 441 327 227 125 113
internal_count=576 560 504 56 38 492 471 459 21 441 327 227 125 113
is_linear=0
shrinkage=0.05


Tree=108
num_leaves=15
num_cat=0
split_feature=5 0 0 0 3 0 3 3 3 3 1 3 3 3
split_gain=158.126 91.7399 95.848 249.03 179.916 139.84 133.598 118.597 249.901 141.176 211.179 118.282 359.52 117.829
threshold=1.0000000180025095e-35 22.500000000000004 20.500000000000004 17.500000000000004 11.090292461693183 10.500000000000002 11.862027600916852 14.17275389614271 13.267079538016196 15.478979884970919 2.5000000000000004 10.097309752622914 10.816431778415906 11.673798640188268
decision_type=2 2 2 2 2 2 2 2 2 2 2 2 2 2
left_child=1 2 3 5 -4 -1 -6 8 13 -9 -11 -5 -13 -7
right_child=-2 -3 4 11 6 7 -8 9 -10 10 -12 12 -14 -15
leaf_value=-0.017418400074750411 0.12563907528916995 -0.1010698676109314 0.23497507398327194 -0.03181901562672395 -0.14331925690174099 -0.0016064220108091831 0.080509268939495088 0.20007622404531999 -0.18500578658921379 -0.1075532474688121 0.16245979805787406 -0.40265149582516052 -0.035800597597570982 0.10864711564320784
leaf_weight=264 24 24 11.999999999999998 26 10.000000000000002 64 20 22 13.999999999999998 14.000000000000002 14.999999999999998 11.000000000000002 17 39
leaf_count=264 24 24 12 26 10 64 20 22 14 14 15 11 17 39
internal_value=-5.72375e-11 -0.00546257 -0.00111678 -0.00737933 0.0713498 0.00527481 0.00589976 0.0409356 0.0131995 0.104565 0.0321087 -0.108612 -0.179921 0.0401401
internal_weight=576 552 528 486 42 432 30 168 117 51 29 54 28 103
internal_count=576 552 528 486 42 432 30 168 117 51 29 54 28 103
is_linear=0
shrinkage=0.05


Tree=109
num_leaves=15
num_cat=0
split_feature=4 3 3 1 0 4 3 0 0 3 3 1 3 3
split_gain=155.811 94.024 394.366 162.566 129.11 108.042 212.788 148.764 127.763 120.399 477.383 107.265 100 68.7851
threshold=1.9840666505027202 19.67259993137186 19.427463050692975 3.5000000000000004 6.5000000000000009 0.052937240446585383 19.235262222507156 15.500000000000002 2.5000000000000004 18.988286529887912 18.850514289971056 1.5000000000000002 18.00744054544101 9.1651932166242656
decision_type=2 2 2 2 2 2 2 2 2 2 2 2 2 2
left_child=1 2 5 4 11 6 9 8 -7 10 13 -3 -10 -1
right_child=-2 3 -4 -5 -6 7 -8 -9 12 -11 -12 -13 -14 -15
leaf_value=0.10651393181511336 0.15384786501526834 0.021725297967592871 0.28563563420126836 -0.18963774432842104 0.1068966909746329 -0.042231077949206039 -0.18164665558271939 -0.086178803018161235 0.22948959039317238 0.13809632914406914 -0.35218507371842867 -0.19443477121266453 0.062822752383848032 -0.0063702799470016338
leaf_weight=13.999999999999998 15.999999999999998 12.000000000000002 11.999999999999998 18 14.999999999999998 11.999999999999998 18 13.999999999999998 18 13.999999999999998 9.9999999999999982 10.999999999999998 18 374
leaf_count=14 16 12 12 18 15 12 18 14 18 14 10 11 18 374
internal_value=-1.43129e-10 -0.00439565 0.00243362 -0.0658591 -0.00722707 -0.00447375 -0.0133708 0.0572314 0.0990594 -0.00601891 -0.0110883 -0.0816556 0.146156 -0.00229714
internal_weight=576 560 504 56 38 492 430 62 48 412 398 23 36 388
internal_count=576 560 504 56 38 492 430 62 48 412 398 23 36 388
is_linear=0
shrinkage=0.05


Tree=110
num_leaves=15
num_cat=0
split_feature=5 0 0 3 3 3 3 1 0 4 1 3 3 3
split_gain=141.151 82.9152 178.246 347.839 231.86 472.897 259.633 257.103 119.817 93.9368 250.224 111.354 284.698 99.7706
threshold=1.0000000180025095e-35 17.500000000000004 19.500000000000004 10.097309752622914 11.014154680483708 10.347726012018823 11.609962636590231 1.5000000000000002 7.5000000000000009 0.4750435444172133 2.5000000000000004 10.445114811949095 9.6583129270730641 10.878414462381796
decision_type=2 2 2 2 2 2 2 2 2 2 2 2 2 2
left_child=1 8 3 -3 5 -4 -6 -8 -1 11 -11 12 -10 -13
right_child=-2 2 4 -5 6 -7 7 -9 9 10 -12 13 -14 -15
leaf_value=-0.024388107903723723 0.11870397360374529 0.011999496033317165 -0.083819869502137087 -0.29932189057855046 -0.26148955076932906 0.37004881311546672 0.16248746411874893 -0.081745872262752428 0.090812109817158065 -0.00027788811746765578 0.31492610216140748 0.15352118531862896 -0.26892120594328101 0.019187152885239235
leaf_weight=192 24 19 12.000000000000002 17 11.999999999999998 10.999999999999998 15.999999999999998 33 11.000000000000002 17.000000000000004 9.9999999999999982 14.999999999999998 10.999999999999998 176
leaf_count=192 24 19 12 17 12 11 16 33 11 17 10 15 11 176
internal_value=5.17806e-11 -0.00516104 -0.0419289 -0.135013 -0.0020356 0.133248 -0.0530441 -0.00199621 0.00505226 0.0286046 0.116464 0.0174674 -0.0890545 0.0297369
internal_weight=576 552 120 36 84 23 61 49 432 240 27 213 22 191
internal_count=576 552 120 36 84 23 61 49 432 240 27 213 22 191
is_linear=0
shrinkage=0.05


Tree=111
num_leaves=15
num_cat=0
split_feature=4 3 3 3 1 0 4 3 0 0 3 3 3 0
split_gain=134.702 82.7151 357.204 163.776 248.299 146.042 93.4143 190.695 130.572 110.179 108.876 432.036 90.8058 67.3271
threshold=1.9840666505027202 19.67259993137186 19.427463050692975 20.226909688082934 1.5000000000000002 6.5000000000000009 0.052937240446585383 19.235262222507156 15.500000000000002 2.5000000000000004 18.988286529887912 18.850514289971056 18.00744054544101 18.500000000000004
decision_type=2 2 2 2 2 2 2 2 2 2 2 2 2 2
left_child=1 2 6 4 -3 -5 7 10 9 -8 11 13 -11 -1
right_child=-2 3 -4 5 -6 -7 8 -9 -10 12 -12 -13 -14 -15
leaf_value=0.010743456318023358 0.1430471759289503 0.023153696060180657 0.27184700015932323 -0.069862582570030571 -0.30824394111449904 0.1487954283754031 -0.038900122915705049 -0.17182909258537823 -0.08123501315712929 0.21545392572879793 0.13147716607366289 -0.33488155499100691 0.056633790799727052 -0.035998103129326033
leaf_weight=282 15.999999999999998 10.000000000000002 11.999999999999998 21 12.999999999999998 11.999999999999998 11.999999999999998 18 13.999999999999998 18 13.999999999999998 9.9999999999999982 18 106
leaf_count=282 16 10 12 21 13 12 12 18 14 18 14 10 18 106
internal_value=-7.87663e-10 -0.00408706 0.00231835 -0.0617358 -0.164158 0.00964942 -0.00425552 -0.0125284 0.0531208 0.0923079 -0.00556864 -0.0103893 0.136044 -0.00202614
internal_weight=576 560 504 56 23 33 492 430 62 48 412 398 36 388
internal_count=576 560 504 56 23 33 492 430 62 48 412 398 36 388
is_linear=0
shrinkage=0.05


Tree=112
num_leaves=15
num_cat=0
split_feature=5 0 0 0 0 1 0 3 3 3 0 3 1 3
split_gain=128.666 77.3862 90.7148 204.103 174.472 160.45 107.298 227.908 187.484 101.832 154.489 136.577 115.626 390.145
threshold=1.0000000180025095e-35 22.500000000000004 20.500000000000004 17.500000000000004 21.500000000000004 2.5000000000000004 11.500000000000002 14.185622046253 13.267079538016196 11.673798640188268 15.500000000000002 9.6583129270730641 3.5000000000000004 12.568665144838974
decision_type=2 2 2 2 2 2 2 2 2 2 2 2 2 2
left_child=1 2 3 6 -4 -6 -1 8 9 10 -8 -12 13 -11
right_child=-2 -3 4 -5 5 -7 7 -9 -10 12 11 -13 -14 -15
leaf_value=-0.013192830557818525 0.11333263665437698 -0.0927374231008192 0.18723639614052245 -0.098676447692775615 0.12185147892345079 -0.13761260050993701 0.1163144632389671 0.17690479838848117 -0.14839848130941391 0.23279063527782751 0.090735210478305822 -0.10624286175677272 0.20815805594126383 -0.17039705564578375
leaf_weight=288 24 24 18 54 11.000000000000002 12.999999999999998 19 25 15.999999999999998 12.000000000000002 11.999999999999998 33 14.999999999999998 11.999999999999998
leaf_count=288 24 24 18 54 11 13 19 25 16 12 12 33 15 12
internal_value=4.93148e-10 -0.00492751 -0.000936146 -0.00702869 0.0695633 -0.0186916 0.00442728 0.0396675 0.0108361 0.0355716 -0.00323777 -0.0537154 0.0992588 0.0311968
internal_weight=576 552 528 486 42 24 432 144 119 103 64 45 39 24
internal_count=576 552 528 486 42 24 432 144 119 103 64 45 39 24
is_linear=0
shrinkage=0.05


Tree=113
num_leaves=15
num_cat=0
split_feature=4 3 3 3 1 0 4 3 0 3 3 0 3 3
split_gain=120.676 72.9014 324.185 147.808 224.09 131.803 83.5759 170.513 118.726 99.3675 388 98.1143 79.5605 63.4294
threshold=1.9840666505027202 19.67259993137186 19.427463050692975 20.226909688082934 1.5000000000000002 6.5000000000000009 0.052937240446585383 19.235262222507156 15.500000000000002 18.988286529887912 18.850514289971056 2.5000000000000004 18.00744054544101 18.551152357258914
decision_type=2 2 2 2 2 2 2 2 2 2 2 2 2 2
left_child=1 2 6 4 -3 -5 7 9 11 10 13 -8 -13 -1
right_child=-2 3 -4 5 -6 -7 8 -9 -10 -11 -12 12 -14 -15
leaf_value=-0.0067543760068593146 0.13539508357644081 0.022655665874481194 0.258914295087258 -0.065709814287367316 -0.29217210274476274 0.1420152912537257 -0.036295470347007114 -0.16257798758645853 -0.077963070252111979 0.12556294458253045 -0.31747783213853836 0.20312289808773332 0.054461743426509203 0.084676349014043806
leaf_weight=368 15.999999999999998 10.000000000000002 11.999999999999998 21 12.999999999999998 11.999999999999998 11.999999999999998 18 13.999999999999998 13.999999999999998 9.9999999999999982 18 18 20
leaf_count=368 16 10 12 21 13 12 12 18 14 14 10 18 18 20
internal_value=4.37285e-10 -0.00386843 0.002145 -0.0579893 -0.15529 0.00982659 -0.00411766 -0.0119428 0.0501531 -0.0053616 -0.00996699 0.0875204 0.128792 -0.00204145
internal_weight=576 560 504 56 23 33 492 430 62 412 398 48 36 388
internal_count=576 560 504 56 23 33 492 430 62 412 398 48 36 388
is_linear=0
shrinkage=0.05


Tree=114
num_leaves=15
num_cat=0
split_feature=5 0 0 0 0 1 1 0 3 3 3 0 3 3
split_gain=115.892 69.0372 83.1583 184.179 157.542 145.187 105.29 193.222 413.776 208.804 193.92 489.998 208.4 163.772
threshold=1.0000000180025095e-35 22.500000000000004 20.500000000000004 17.500000000000004 21.500000000000004 2.5000000000000004 3.5000000000000004 14.500000000000002 10.816431778415906 14.17275389614271 19.235262222507156 6.5000000000000009 18.988286529887912 19.897005957742113
decision_type=2 2 2 2 2 2 2 2 2 2 2 2 2 2
left_child=1 2 3 6 -4 -6 -1 9 -9 -8 12 13 -11 -12
right_child=-2 -3 4 -5 5 -7 7 8 -10 10 11 -13 -14 -15
leaf_value=0.02326300580468443 0.10755978698531787 -0.08761447720850507 0.17841084533267551 -0.093799521787850948 0.11642030152407556 -0.13039424511102529 -0.21597372328533845 -0.094238079871450137 0.29750296381803659 -0.018169329777456722 0.14769927851855744 -0.42399026870727541 0.22445432424545286 -0.13187867728146641
leaf_weight=270 24 24 18 54 11.000000000000002 12.999999999999998 17 14.000000000000002 12.999999999999998 77 10.000000000000005 9.9999999999999982 9.9999999999999982 10.999999999999998
leaf_count=270 24 24 18 54 11 13 17 14 13 77 10 10 10 11
internal_value=-3.73499e-10 -0.00467651 -0.000906605 -0.00673988 0.0665927 -0.0172709 0.00414258 -0.0277248 0.094378 -0.0521454 -0.028543 -0.135922 0.00971845 0.00125368
internal_weight=576 552 528 486 42 24 432 162 27 135 118 31 87 21
internal_count=576 552 528 486 42 24 432 162 27 135 118 31 87 21
is_linear=0
shrinkage=0.05


Tree=115
num_leaves=15
num_cat=0
split_feature=4 3 3 4 4 3 3 3 3 3 1 3 0 3
split_gain=107.67 81.169 200.526 103.606 215.211 119.589 61.8776 206.808 146.051 120.346 245.639 387.751 262.072 218.11
threshold=3.0956703811672841 9.8132482098661153 10.007838019154709 0.86293891637029907 0.4750435444172133 16.203094554081883 19.897005957742113 19.427463050692975 20.226909688082934 18.346834807767447 4.5000000000000009 19.011864033485775 6.5000000000000009 18.786633205124037
decision_type=2 2 2 2 2 2 2 2 2 2 2 2 2 2
left_child=1 -1 -3 4 6 -5 7 9 -8 -4 11 13 -13 -11
right_child=-2 2 3 5 -6 -7 8 -9 -10 10 -12 12 -14 -15
leaf_value=0.069777936379735672 0.16263521015644075 -0.17183570596906875 0.0089855721621125047 -0.21510975534717236 0.19635356771094459 -5.889258214405605e-06 -0.18574124515056611 0.16461802391629471 0.0043118063480623312 -0.033988622914661058 -0.22211620857318246 -0.025441472232341764 0.29204364046454429 -0.30667101307348776
leaf_weight=36 9.9999999999999982 18 330 12.000000000000002 13.999999999999998 13.999999999999998 14.999999999999998 19 31 22 18 13.000000000000002 12.999999999999998 10.999999999999998
leaf_count=36 10 18 330 12 14 14 15 19 31 22 18 13 13 11
internal_value=-5.03173e-10 -0.00287341 -0.00780822 -0.00204163 0.00316067 -0.0992846 -0.00256963 0.00337931 -0.057662 -0.0041478 -0.0604337 -0.0111068 0.133301 -0.124883
internal_weight=576 566 530 512 486 26 472 426 46 407 77 59 26 33
internal_count=576 566 530 512 486 26 472 426 46 407 77 59 26 33
is_linear=0
shrinkage=0.05


Tree=116
num_leaves=15
num_cat=0
split_feature=5 0 3 0 0 0 1 3 3 0 3 3 3 1
split_gain=103.961 62.2995 77.3511 72.5128 162.095 140.387 131.292 96.509 339.591 91.65 201.676 163.546 102.218 387.948
threshold=1.0000000180025095e-35 22.500000000000004 14.2831260347438 20.500000000000004 17.500000000000004 21.500000000000004 2.5000000000000004 10.097309752622914 10.816431778415906 11.500000000000002 14.185622046253 13.267079538016196 12.281737692523359 2.5000000000000004
decision_type=2 2 2 2 2 2 2 2 2 2 2 2 2 2
left_child=1 3 -3 4 9 -5 -7 -6 -9 -1 11 12 -11 -14
right_child=-2 2 -4 5 7 6 -8 8 -10 10 -12 -13 13 -15
leaf_value=-0.012370642233872787 0.10187279692424152 -0.15907979330846239 0.022992893159389498 0.16773783597681258 -0.018602229196291703 0.11015001427043565 -0.12455763220787049 -0.36885020455176171 -0.012311632492963007 0.005010354707512675 0.16558137452602387 -0.13936015628278256 -0.078191199402014397 0.32385968814293542
leaf_weight=288 24 14.000000000000002 9.9999999999999982 18 26 11.000000000000002 12.999999999999998 11.000000000000002 17 79 25 15.999999999999998 12.000000000000002 11.999999999999998
leaf_count=288 24 14 10 18 26 11 13 11 17 79 25 16 12 12
internal_value=-4.13517e-10 -0.00442925 -0.0832162 -0.000848029 -0.00629515 0.0621829 -0.0169833 -0.0879687 -0.15238 0.00391404 0.0364834 0.00936199 0.0324645 0.122834
internal_weight=576 552 24 528 486 42 24 54 28 432 144 119 103 24
internal_count=576 552 24 528 486 42 24 54 28 432 144 119 103 24
is_linear=0
shrinkage=0.05


Tree=117
num_leaves=15
num_cat=0
split_feature=4 0 3 3 3 5 3 0 1 0 0 0 3 3
split_gain=105.362 69.8459 152.838 132.365 215.423 109.467 107.518 102.04 101.635 300.668 204.864 240.14 200.135 299.707
threshold=1.9840666505027202 18.500000000000004 13.325732870588988 12.568665144838974 11.862027600916852 1.0000000180025095e-35 11.200945514815851 7.5000000000000009 2.5000000000000004 17.500000000000004 17.500000000000004 8.5000000000000018 12.281737692523359 13.267079538016196
decision_type=2 2 2 2 2 2 2 2 2 2 2 2 2 2
left_child=1 7 3 4 5 6 -3 -1 10 12 11 -9 -10 -14
right_child=-2 2 -4 -5 -6 -7 -8 8 9 -11 -12 -13 13 -15
leaf_value=-0.022320907782392665 0.12651278637349606 -0.0095278283208608625 0.083291314897083107 -0.23790399953722954 0.12616130749384563 -0.21366676074954183 -0.16649782260258994 -0.20803155289454894 -0.057279634901455469 0.293932081758976 -0.21401618068868464 0.03901618579702993 0.30766672144333523 0.038289442416783927
leaf_weight=191 15.999999999999998 40 21 9.9999999999999982 14.999999999999998 12.999999999999998 14.999999999999998 10.999999999999998 42 11.999999999999998 10.999999999999998 93 11.999999999999998 74
leaf_count=191 16 40 21 10 15 13 15 11 42 12 11 93 12 74
internal_value=-2.61934e-11 -0.00361465 -0.0385417 -0.0660524 -0.0453473 -0.0831801 -0.0523378 0.00531288 0.0260111 0.0546204 -0.00881756 0.0128861 0.032185 0.075877
internal_weight=576 560 114 93 83 68 55 446 255 140 115 104 128 86
internal_count=576 560 114 93 83 68 55 446 255 140 115 104 128 86
is_linear=0
shrinkage=0.05


Tree=118
num_leaves=15
num_cat=0
split_feature=5 0 0 4 0 1 4 3 3 1 0 0 0 0
split_gain=98.3652 57.0171 66.4463 150.409 126.885 119.23 86.7887 73.7611 289.586 78.2048 635.717 962.416 371.848 669.06
threshold=1.0000000180025095e-35 22.500000000000004 20.500000000000004 1.5918760761975022 21.500000000000004 2.5000000000000004 1.045716535369644 9.355880566701229 10.007838019154709 4.5000000000000009 6.5000000000000009 8.5000000000000018 6.5000000000000009 7.5000000000000009
decision_type=2 2 2 2 2 2 2 2 2 2 2 2 2 2
left_child=1 2 3 6 -4 -6 7 -1 -9 12 -11 -12 -10 -14
right_child=-2 -3 4 -5 5 -7 -8 8 9 10 11 -13 13 -15
leaf_value=0.098212366857949429 0.099093102927630156 -0.079681137017905718 0.15980497648318609 -0.14792925483650632 0.10534414865753866 -0.11832230778840871 0.13814276944507251 -0.18474160080606289 -0.055631801375180236 0.11325104089408387 -0.56498181928287861 -0.045440407541204014 0.35552974904284762 0.027456011269653208
leaf_weight=17 24 24 18 18 11.000000000000002 12.999999999999998 10.999999999999998 22 121 41 10.999999999999998 47 17 181
leaf_count=17 24 24 18 18 11 13 11 22 121 41 11 47 17 181
internal_value=1.05113e-09 -0.00430839 -0.000882361 -0.00609665 0.0594544 -0.0158085 -0.00064155 -0.00398209 -0.00793051 0.00137533 -0.0374465 -0.143974 0.0134235 0.055624
internal_weight=576 552 528 486 42 24 468 457 440 418 99 58 319 198
internal_count=576 552 528 486 42 24 468 457 440 418 99 58 319 198
is_linear=0
shrinkage=0.05


Tree=119
num_leaves=15
num_cat=0
split_feature=4 0 3 3 3 5 3 3 3 0 1 0 3 0
split_gain=102.986 65.2631 147.561 117.664 195.495 103.78 99.3282 102.537 95.4201 71.7591 100.11 229.1 219.363 213.159
threshold=1.9840666505027202 18.500000000000004 13.325732870588988 12.568665144838974 11.862027600916852 1.0000000180025095e-35 11.014154680483708 10.347726012018823 9.2659245784998792 7.5000000000000009 3.5000000000000004 6.5000000000000009 19.12057303122717 5.5000000000000009
decision_type=2 2 2 2 2 2 2 2 2 2 2 2 2 2
left_child=1 8 3 4 5 6 7 -3 -1 10 11 -10 -12 -14
right_child=-2 2 -4 -5 -6 -7 -8 -9 9 -11 12 -13 13 -15
leaf_value=0.15776539027690889 0.12507806904613972 -0.062617158322107222 0.082376071810722359 -0.22639465361833572 0.11853761672973634 -0.2079380758143648 -0.13315002024173736 0.1206004838148753 -0.019688414738602229 0.019463648556978727 -0.0016763489279482101 0.18920891647537552 -0.051558476580040785 -0.33873816331227624
leaf_weight=9.9999999999999982 15.999999999999998 21 21 9.9999999999999982 14.999999999999998 12.999999999999998 22 11.999999999999998 105 245 45 14.999999999999998 14.000000000000002 11.999999999999998
leaf_count=10 16 21 21 10 15 13 22 12 105 245 45 15 14 12
internal_value=7.43335e-11 -0.00357366 -0.0373354 -0.064367 -0.0448456 -0.080886 -0.0508555 0.00400744 0.00505602 0.00155351 -0.0214202 0.00642375 -0.0684805 -0.184103
internal_weight=576 560 114 93 83 68 55 33 446 436 191 120 71 26
internal_count=576 560 114 93 83 68 55 33 446 436 191 120 71 26
is_linear=0
shrinkage=0.05


Tree=120
num_leaves=15
num_cat=0
split_feature=5 0 3 0 4 0 1 4 3 3 1 0 0 0
split_gain=99.5778 52.2608 60.6405 59.929 144.764 114.687 108.271 77.0226 61.7592 260.108 66.8263 582.768 845.142 362.278
threshold=1.0000000180025095e-35 22.500000000000004 14.2831260347438 20.500000000000004 1.5918760761975022 21.500000000000004 2.5000000000000004 1.045716535369644 9.355880566701229 10.007838019154709 4.5000000000000009 6.5000000000000009 8.5000000000000018 14.500000000000002
decision_type=2 2 2 2 2 2 2 2 2 2 2 2 2 2
left_child=1 3 -3 4 7 -5 -7 8 -1 -10 -11 -12 -13 -14
right_child=-2 2 -4 5 -6 6 -8 -9 9 10 11 12 13 -15
leaf_value=0.089709348538342656 0.099702010769397026 -0.14366643024342399 0.017543936073780058 0.15165162169271046 -0.1451523479488161 0.1001433264125477 -0.11299626918939443 0.13008776144547896 -0.1749853327870369 0.012541749326185235 0.10980316309667215 -0.53100098371505744 -0.12997851371765137 0.18035503717569204
leaf_weight=17 24 14.000000000000002 9.9999999999999982 18 18 11.000000000000002 12.999999999999998 10.999999999999998 22 319 41 10.999999999999998 34 12.999999999999998
leaf_count=17 24 14 10 18 18 11 13 11 22 319 41 11 34 13
internal_value=-8.47164e-10 -0.00433487 -0.0764954 -0.00105484 -0.00600682 0.0562465 -0.0153073 -0.000655064 -0.00380205 -0.00741499 0.0014045 -0.0344822 -0.136477 -0.0441416
internal_weight=576 552 24 528 486 42 24 468 457 440 418 99 58 47
internal_count=576 552 24 528 486 42 24 468 457 440 418 99 58 47
is_linear=0
shrinkage=0.05


Tree=121
num_leaves=15
num_cat=0
split_feature=4 0 3 3 3 5 3 3 0 1 0 0 0 0
split_gain=101.933 59.3527 138.933 103.342 177.867 99.1014 90.6664 88.0237 82.198 111.195 257.789 207.405 176.481 211.911
threshold=1.8197032176091605 18.500000000000004 13.325732870588988 12.568665144838974 11.862027600916852 1.0000000180025095e-35 11.014154680483708 10.347726012018823 7.5000000000000009 2.5000000000000004 17.500000000000004 8.5000000000000018 17.500000000000004 8.5000000000000018
decision_type=2 2 2 2 2 2 2 2 2 2 2 2 2 2
left_child=1 8 3 4 5 6 7 -3 -1 12 11 -11 13 -10
right_child=-2 2 -4 -5 -6 -7 -8 -9 9 10 -12 -13 -14 -15
leaf_value=-0.020458294061597708 0.11388513414483321 -0.05833857644881521 0.080099539955457058 -0.21413577720522881 0.11184921979904175 -0.20252627395093442 -0.12764967246489092 0.1114179362853368 -0.20060305165296255 0.22136576221539428 0.27443091074625653 0.010666248927945677 -0.20411208217794244 0.031739988914885366
leaf_weight=190 19 21 21 9.9999999999999982 14.999999999999998 12.999999999999998 22 11.999999999999998 10.999999999999998 12.999999999999998 11.999999999999998 115 10.999999999999998 91
leaf_count=190 19 21 21 10 15 13 22 12 11 13 12 115 11 91
internal_value=5.19165e-10 -0.00388477 -0.0360593 -0.0622887 -0.0439939 -0.078371 -0.0490252 0.00339106 0.0043949 0.0230594 0.0528396 0.0320654 -0.0138365 0.00668339
internal_weight=576 557 114 93 83 68 55 33 443 253 140 128 113 102
internal_count=576 557 114 93 83 68 55 33 443 253 140 128 113 102
is_linear=0
shrinkage=0.05


Tree=122
num_leaves=15
num_cat=0
split_feature=5 3 3 0 3 3 0 3 3 3 3 1 3 1
split_gain=94.1687 52.1345 205.545 162.754 124.824 173.523 116.414 196.878 182.5 332.886 160.197 149.853 76.6048 156.083
threshold=1.0000000180025095e-35 11.609962636590231 11.430743536278149 15.500000000000002 12.691899769596917 12.977111405050811 19.500000000000004 9.6583129270730641 10.816431778415906 10.504602254444924 10.007838019154709 2.5000000000000004 12.281737692523359 1.5000000000000002
decision_type=2 2 2 2 2 2 2 2 2 2 2 2 2 2
left_child=1 2 3 -1 12 -6 7 -5 9 10 -9 -8 13 -3
right_child=-2 4 -4 6 5 -7 11 8 -10 -11 -12 -13 -14 -15
leaf_value=0.13565774559974672 0.096956305143733823 0.20073563673279504 -0.23862474994225935 0.053739541362632405 -0.18487332325715286 0.0010699939478460391 -0.05171303550402323 -0.21887773498892782 0.035405624142059909 -0.41294463276863103 0.030082373533930097 0.16639809129493577 0.18965603907903036 -0.025276924729347228
leaf_weight=15.999999999999998 24 10.999999999999998 10.999999999999998 22 12.999999999999998 360 18 12.000000000000002 12.999999999999998 10.999999999999998 13.999999999999998 13.999999999999998 11.999999999999998 25
leaf_count=16 24 11 11 22 13 360 18 12 13 11 14 14 12 25
internal_value=1.5516e-10 -0.00421549 -0.0317621 -0.0127997 0.00435602 -0.0054106 -0.0356393 -0.0709059 -0.12575 -0.182372 -0.0848223 0.0437106 0.0802509 0.0437825
internal_weight=576 552 131 120 421 373 104 72 50 37 26 32 48 36
internal_count=576 552 131 120 421 373 104 72 50 37 26 32 48 36
is_linear=0
shrinkage=0.05


Tree=123
num_leaves=15
num_cat=0
split_feature=4 0 3 3 3 5 3 3 3 0 1 3 3 3
split_gain=92.2638 57.7502 127.953 90.3782 154.926 95.1708 81.6054 82.3505 77.8323 64.7436 92.5699 88.717 228.308 153.791
threshold=1.8197032176091605 18.500000000000004 13.325732870588988 12.568665144838974 11.862027600916852 1.0000000180025095e-35 11.014154680483708 10.347726012018823 9.2659245784998792 1.5000000000000002 4.5000000000000009 18.346834807767447 18.551152357258914 16.837154285358057
decision_type=2 2 2 2 2 2 2 2 2 2 2 2 2 2
left_child=1 8 3 4 5 6 7 -3 -1 10 -10 13 -13 -11
right_child=-2 2 -4 -5 -6 -7 -8 -9 9 11 -12 12 -14 -15
leaf_value=0.14238000333309173 0.10834908893233852 -0.056800739289749241 0.076041063595385788 -0.20260834991931917 0.10195033113161722 -0.19724777094446697 -0.12141390822150491 0.10739423632621765 -0.093558909081750449 0.0030390570822514985 0.066796474903821942 -0.23090995748837792 -0.0036630585230886937 0.094960926352970071
leaf_weight=9.9999999999999982 19 21 21 9.9999999999999982 14.999999999999998 12.999999999999998 22 11.999999999999998 36 171 11.999999999999998 11.999999999999998 140 62
leaf_count=10 19 21 21 10 15 13 22 12 36 171 12 12 140 62
internal_value=5.51679e-10 -0.00369593 -0.0354331 -0.0606047 -0.0434959 -0.0755796 -0.0468216 0.00290652 0.00447121 0.00128625 -0.0534701 0.00811301 -0.0216036 0.027499
internal_weight=576 557 114 93 83 68 55 33 443 433 48 385 152 233
internal_count=576 557 114 93 83 68 55 33 443 433 48 385 152 233
is_linear=0
shrinkage=0.05


Tree=124
num_leaves=15
num_cat=0
split_feature=5 0 1 1 0 3 3 3 3 0 3 3 0 4
split_gain=95.4095 48.4654 57.2318 182.35 352.316 331.271 226.033 122.843 255.475 319.087 203.123 399.592 260.485 214.051
threshold=1.0000000180025095e-35 22.500000000000004 3.5000000000000004 2.5000000000000004 6.5000000000000009 15.215222095856754 11.311972716730155 11.609962636590231 10.735536364083329 16.500000000000004 15.478979884970919 16.383838007770553 2.5000000000000004 0.052937240446585383
decision_type=2 2 2 2 2 2 2 2 2 2 2 2 2 2
left_child=1 2 3 7 -5 6 -6 8 -1 -10 -9 -12 -13 -14
right_child=-2 -3 -4 4 5 -7 -8 10 9 -11 11 12 13 -15
leaf_value=0.011149740628898145 0.097592976813515031 -0.07373400839666526 -0.023686960608255668 -0.076743491286677984 0.1737417716355551 0.29868262268248058 -0.055592379854484043 0.083788620752673001 0.036209396719932542 -0.31973494501674882 -0.25223469821845784 0.22822783986727396 -0.056528418984702226 0.13110358073915307
leaf_weight=40 24 24 183 28 21 21 22 62 10.000000000000002 17 17 11.999999999999998 76 19
leaf_count=40 24 24 183 28 21 21 22 62 10 17 17 12 76 19
internal_value=5.58733e-11 -0.00424317 -0.0010845 0.0109046 0.0711855 0.135904 0.056408 -0.0110157 -0.0690658 -0.187904 0.00989488 -0.027052 0.00872469 -0.019002
internal_weight=576 552 528 345 92 64 43 253 67 27 186 124 107 95
internal_count=576 552 528 345 92 64 43 253 67 27 186 124 107 95
is_linear=0
shrinkage=0.05


Tree=125
num_leaves=15
num_cat=0
split_feature=5 3 3 0 0 3 3 3 3 3 3 3 0 3
split_gain=86.1071 45.0405 179.558 141.16 115.842 167.282 173.919 296.497 145.503 140.053 109.635 153.685 73.8734 133.116
threshold=1.0000000180025095e-35 11.609962636590231 11.430743536278149 15.500000000000002 19.500000000000004 9.6583129270730641 10.816431778415906 10.504602254444924 10.007838019154709 10.858451617952271 12.691899769596917 12.977111405050811 11.500000000000002 14.560320839047241
decision_type=2 2 2 2 2 2 2 2 2 2 2 2 2 2
left_child=1 2 3 -1 5 -5 7 8 -7 -6 -3 -12 -13 -14
right_child=-2 10 -4 4 9 6 -8 -9 -10 -11 11 12 13 -15
leaf_value=0.12634679041802885 0.092713325594862311 0.07506362839291493 -0.22297899560494858 0.046532871506430887 0.13822291077425083 -0.20988671481609342 0.038405128396474399 -0.39179652820933952 0.027380846653665816 -0.072635446701730999 -0.17410998665369476 -0.01044307806943026 -0.0034025171969799283 0.13939862781763077
leaf_weight=15.999999999999998 24 48 10.999999999999998 22 18 12.000000000000002 12.999999999999998 10.999999999999998 13.999999999999998 13.999999999999998 12.999999999999998 288 47 25
leaf_count=16 24 48 11 22 18 12 13 11 14 14 13 288 47 25
internal_value=3.40838e-10 -0.00403101 -0.029635 -0.0119118 -0.0331824 -0.0683622 -0.118916 -0.174191 -0.0821273 0.0459724 0.00393602 -0.00521713 0.00088178 0.0461812
internal_weight=576 552 131 120 104 72 50 37 26 32 421 373 360 72
internal_count=576 552 131 120 104 72 50 37 26 32 421 373 360 72
is_linear=0
shrinkage=0.05


Tree=126
num_leaves=15
num_cat=0
split_feature=4 0 3 3 1 3 3 3 0 1 0 3 0 0
split_gain=81.8018 55.2439 117.737 78.9551 134.434 130.503 172.163 116.033 74.4236 94.245 195.254 185.936 177.668 122.847
threshold=1.9840666505027202 18.500000000000004 13.325732870588988 12.568665144838974 3.5000000000000004 11.609962636590231 10.735536364083329 10.878414462381796 7.5000000000000009 3.5000000000000004 6.5000000000000009 19.12057303122717 5.5000000000000009 3.5000000000000004
decision_type=2 2 2 2 2 2 2 2 2 2 2 2 2 2
left_child=1 8 3 4 5 6 -3 -6 9 10 -1 13 -13 -11
right_child=-2 2 -4 -5 7 -7 -8 -9 -10 11 -12 12 -14 -15
leaf_value=-0.015935564513007799 0.11147418916225434 0.063782042853142082 0.072684200817630412 -0.1911195904016495 -0.23783927393647342 0.13802986294031144 -0.15200627711084155 -0.043979646657642563 0.022431538450056871 -0.052819314982854963 0.17691492592295011 -0.049947265801685188 -0.31213125338157022 0.1339951867858569
leaf_weight=105 15.999999999999998 19 21 9.9999999999999982 12.999999999999998 13.999999999999998 18 19 255 33 14.999999999999998 14.000000000000002 11.999999999999998 11.999999999999998
leaf_count=105 16 19 21 10 13 14 18 19 255 33 15 14 12 12
internal_value=-1.03403e-09 -0.00318498 -0.0342473 -0.0583931 -0.0424019 0.00800321 -0.0411961 -0.122735 0.00475471 -0.0188452 0.00817075 -0.0645061 -0.170955 -0.00300211
internal_weight=576 560 114 93 83 51 37 32 446 191 120 71 26 45
internal_count=576 560 114 93 83 51 37 32 446 191 120 71 26 45
is_linear=0
shrinkage=0.05


Tree=127
num_leaves=15
num_cat=0
split_feature=5 4 4 0 0 3 3 3 1 3 3 3 0 1
split_gain=85.9762 47.3517 255.75 158.211 88.8559 50.021 160.38 89.2189 203.034 132.253 74.7494 109.006 96.343 89.9237
threshold=1.0000000180025095e-35 0.78591855591947779 0.4750435444172133 15.500000000000002 7.5000000000000009 11.39930288199972 11.090292461693183 12.691899769596917 1.5000000000000002 12.977111405050811 10.347726012018823 9.1651932166242656 17.500000000000004 2.5000000000000004
decision_type=2 2 2 2 2 2 2 2 2 2 2 2 2 2
left_child=1 2 5 4 -3 6 10 8 -7 -9 11 -1 -13 -12
right_child=-2 3 -4 -5 -6 7 -8 9 -10 -11 13 12 -14 -15
leaf_value=0.082881899923086172 0.092642855768402421 -0.099349414557218518 0.2281716843446096 -0.2178793801502748 0.078354573688086349 0.21868493159612024 -0.18731865902741751 -0.16324066382188063 0.0036988262723131877 -0.00059455444024484835 -0.025201153484257784 -0.19489495871322496 -0.033263375996439547 0.1279088887221673
leaf_weight=11.999999999999998 24 12.000000000000002 11.999999999999998 10.999999999999998 17 14.999999999999998 14.999999999999998 12.999999999999998 41 324 22 13.999999999999998 27 17
leaf_count=12 24 12 12 11 17 15 15 13 41 324 22 14 27 17
internal_value=1.94026e-12 -0.00402795 6.52536e-05 -0.056421 0.00482189 -0.0054093 -0.0357179 0.00284265 0.0612844 -0.00686874 -0.0110003 -0.0496615 -0.0884546 0.0415391
internal_weight=576 552 512 40 29 500 107 393 56 337 92 53 41 39
internal_count=576 552 512 40 29 500 107 393 56 337 92 53 41 39
is_linear=0
shrinkage=0.05


end of trees

feature_importances:
hour=870
temperature_c=369
day_of_week=271
precipitation_mm=196
is_event=86

parameters:
[boosting: gbdt]
[objective: regression]
[metric: l1]
[tree_learner: serial]
[device_type: cpu]
[data_sample_strategy: bagging]
[data: ]
[valid: ]
[num_iterations: 500]
[learning_rate: 0.05]
[num_leaves: 15]
[num_threads: 0]
[seed: 0]
[deterministic: 0]
[force_col_wise: 0]
[force_row_wise: 0]
[histogram_pool_size: -1]
[max_depth: -1]
[min_data_in_leaf: 10]
[min_sum_hessian_in_leaf: 0.001]
[bagging_fraction: 1]
[pos_bagging_fraction: 1]
[neg_bagging_fraction: 1]
[bagging_freq: 0]
[bagging_seed: 3]
[bagging_by_query: 0]
[feature_fraction: 1]
[feature_fraction_bynode: 1]
[feature_fraction_seed: 2]
[extra_trees: 0]
[extra_seed: 6]
[early_stopping_round: 0]
[early_stopping_min_delta: 0]
[first_metric_only: 0]
[max_delta_step: 0]
[lambda_l1: 0]
[lambda_l2: 0]
[linear_lambda: 0]
[min_gain_to_split: 0]
[drop_rate: 0.1]
[max_drop: 50]
[skip_drop: 0.5]
[xgboost_dart_mode: 0]
[uniform_drop: 0]
[drop_seed: 4]
[top_rate: 0.2]
[other_rate: 0.1]
[min_data_per_group: 100]
[max_cat_threshold: 32]
[cat_l2: 10]
[cat_smooth: 10]
[max_cat_to_onehot: 4]
[top_k: 20]
[monotone_constraints: ]
[monotone_constraints_method: basic]
[monotone_penalty: 0]
[feature_contri: ]
[forcedsplits_filename: ]
[refit_decay_rate: 0.9]
[cegb_tradeoff: 1]
[cegb_penalty_split: 0]
[cegb_penalty_feature_lazy: ]
[cegb_penalty_feature_coupled: ]
[path_smooth: 0]
[interaction_constraints: ]
[verbosity: -1]
[saved_feature_importance_type: 0]
[use_quantized_grad: 0]
[num_grad_quant_bins: 4]
[quant_train_renew_leaf: 0]
[stochastic_rounding: 1]
[linear_tree: 0]
[max_bin: 255]
[max_bin_by_feature: ]
[min_data_in_bin: 3]
[bin_construct_sample_cnt: 200000]
[data_random_seed: 1]
[is_enable_sparse: 1]
[enable_bundle: 1]
[use_missing: 1]
[zero_as_missing: 0]
[feature_pre_filter: 1]
[pre_partition: 0]
[two_round: 0]
[header: 0]
[label_column: ]
[weight_column: ]
[group_column: ]
[ignore_column: ]
[categorical_feature: ]
[forcedbins_filename: ]
[precise_float_parser: 0]
[parser_config_file: ]
[objective_seed: 5]
[num_class: 1]
[is_unbalance: 0]
[scale_pos_weight: 1]
[sigmoid: 1]
[boost_from_average: 1]
[reg_sqrt: 0]
[alpha: 0.9]
[fair_c: 1]
[poisson_max_delta_step: 0.7]
[tweedie_variance_power: 1.5]
[lambdarank_truncation_level: 30]
[lambdarank_norm: 1]
[label_gain: ]
[lambdarank_position_bias_regularization: 0]
[eval_at: ]
[multi_error_top_k: 1]
[auc_mu_weights: ]
[num_machines: 1]
[local_listen_port: 12400]
[time_out: 120]
[machine_list_filename: ]
[machines: ]
[gpu_platform_id: -1]
[gpu_device_id: -1]
[gpu_device_id_list: ]
[gpu_use_dp: 0]
[num_gpu: 1]

end of parameters

pandas_categorical:[]
